harvested,deficiency ,recommended Crop,reason for recommended crop),fertilizers,pesticides,organic Matter
Rice (Paddy),Nitrogen (N) depletion,"Moong (मूंग), Urd (उड़द), Arhar (अरहर)","Legumes form Rhizobium nodules fixing atmospheric N and their residues decompose quickly, restoring soil N and improving soil structure. — लेग्यूम नोड्यूल्स द्वारा N फिक्स कर मिट्टी की उर्वरा शक्ति बढ़ाते हैं।",Urea 60 kg/ha + SSP 150 kg/ha (fast N and basal P),Carbendazim 50% WP / Mancozeb 75% WP (fungal prevention),Green manure (Sesbania - ढैंचा) 4–6 t/ha (improves organic C and N)
Wheat,Zinc (Zn) and Iron (Fe) deficiency,"Maize (मक्का), Groundnut (मूंगफली), Soybean (सोयाबीन)","Rotation with legumes and broadleaf crops mobilizes micronutrients, breaks pest cycles and improves soil structure. — रोटेशन सूक्ष्मपोषक उपलब्धता और मिट्टी की संरचना सुधारता है।",DAP 100 kg/ha + Zinc sulfate 25 kg/ha (basal N-P and Zn correction),Chlorpyrifos 20 EC (soil pests),FYM 5 t/ha (boosts microbial activity and micronutrient availability)
Maize,Nitrogen (N) and Phosphorus (P) depletion,"Cowpea (लोबिया), Green gram (मूंग), Lentil (मसूर)",Short-duration legumes fix N and their residues produce organic acids that mobilize P; reduces need for synthetic N. — लेग्यूम N जोड़ते हैं और अवशेष P उपलब्धता बढ़ाते हैं।,SSP 120 kg/ha + Urea 40 kg/ha (P maintenance and starter N),Imidacloprid 17.8 SL (seed treatment),Compost 3–4 t/ha (improves aggregation and nutrient retention)
Sorghum,General nutrient depletion (NPK) and organic carbon loss,"Green gram (मूंग), Cowpea (लोबिया), Maize (मक्का)",Rotation with legumes and adding organic matter restores major nutrients and improves soil health. — लेग्यूम रोटेशन व जैविक पदार्थ से मुख्य पोषक और मिट्टी सुधरती है।,Balanced NPK as per crop + FYM 3–5 t/ha,"Use IPM (Neem, biocontrols) and minimal synthetic insecticides",Compost or FYM 3–5 t/ha (restores organic carbon and microbes)
Pearl millet (Bajra),General nutrient depletion (NPK) and organic carbon loss,"Green gram (मूंग), Cowpea (लोबिया), Maize (मक्का)",Rotation with legumes and adding organic matter restores major nutrients and improves soil health. — लेग्यूम रोटेशन व जैविक पदार्थ से मुख्य पोषक और मिट्टी सुधरती है।,Balanced NPK as per crop + FYM 3–5 t/ha,"Use IPM (Neem, biocontrols) and minimal synthetic insecticides",Compost or FYM 3–5 t/ha (restores organic carbon and microbes)
Finger millet (Ragi),General nutrient depletion (NPK) and organic carbon loss,"Green gram (मूंग), Cowpea (लोबिया), Maize (मक्का)",Rotation with legumes and adding organic matter restores major nutrients and improves soil health. — लेग्यूम रोटेशन व जैविक पदार्थ से मुख्य पोषक और मिट्टी सुधरती है।,Balanced NPK as per crop + FYM 3–5 t/ha,"Use IPM (Neem, biocontrols) and minimal synthetic insecticides",Compost or FYM 3–5 t/ha (restores organic carbon and microbes)
Barley,Zinc (Zn) and Iron (Fe) deficiency,"Maize (मक्का), Groundnut (मूंगफली), Soybean (सोयाबीन)","Rotation with legumes and broadleaf crops mobilizes micronutrients, breaks pest cycles and improves soil structure. — रोटेशन सूक्ष्मपोषक उपलब्धता और मिट्टी की संरचना सुधारता है।",DAP 100 kg/ha + Zinc sulfate 25 kg/ha (basal N-P and Zn correction),Chlorpyrifos 20 EC (soil pests),FYM 5 t/ha (boosts microbial activity and micronutrient availability)
Oats,Zinc (Zn) and Iron (Fe) deficiency,"Maize (मक्का), Groundnut (मूंगफली), Soybean (सोयाबीन)","Rotation with legumes and broadleaf crops mobilizes micronutrients, breaks pest cycles and improves soil structure. — रोटेशन सूक्ष्मपोषक उपलब्धता और मिट्टी की संरचना सुधारता है।",DAP 100 kg/ha + Zinc sulfate 25 kg/ha (basal N-P and Zn correction),Chlorpyrifos 20 EC (soil pests),FYM 5 t/ha (boosts microbial activity and micronutrient availability)
Small millet (Kodo),General nutrient depletion (NPK) and organic carbon loss,"Green gram (मूंग), Cowpea (लोबिया), Maize (मक्का)",Rotation with legumes and adding organic matter restores major nutrients and improves soil health. — लेग्यूम रोटेशन व जैविक पदार्थ से मुख्य पोषक और मिट्टी सुधरती है।,Balanced NPK as per crop + FYM 3–5 t/ha,"Use IPM (Neem, biocontrols) and minimal synthetic insecticides",Compost or FYM 3–5 t/ha (restores organic carbon and microbes)
Little millet (Kutki),General nutrient depletion (NPK) and organic carbon loss,"Green gram (मूंग), Cowpea (लोबिया), Maize (मक्का)",Rotation with legumes and adding organic matter restores major nutrients and improves soil health. — लेग्यूम रोटेशन व जैविक पदार्थ से मुख्य पोषक और मिट्टी सुधरती है।,Balanced NPK as per crop + FYM 3–5 t/ha,"Use IPM (Neem, biocontrols) and minimal synthetic insecticides",Compost or FYM 3–5 t/ha (restores organic carbon and microbes)
Barnyard millet (Sanwa),General nutrient depletion (NPK) and organic carbon loss,"Green gram (मूंग), Cowpea (लोबिया), Maize (मक्का)",Rotation with legumes and adding organic matter restores major nutrients and improves soil health. — लेग्यूम रोटेशन व जैविक पदार्थ से मुख्य पोषक और मिट्टी सुधरती है।,Balanced NPK as per crop + FYM 3–5 t/ha,"Use IPM (Neem, biocontrols) and minimal synthetic insecticides",Compost or FYM 3–5 t/ha (restores organic carbon and microbes)
Foxtail millet (Kangni),General nutrient depletion (NPK) and organic carbon loss,"Green gram (मूंग), Cowpea (लोबिया), Maize (मक्का)",Rotation with legumes and adding organic matter restores major nutrients and improves soil health. — लेग्यूम रोटेशन व जैविक पदार्थ से मुख्य पोषक और मिट्टी सुधरती है।,Balanced NPK as per crop + FYM 3–5 t/ha,"Use IPM (Neem, biocontrols) and minimal synthetic insecticides",Compost or FYM 3–5 t/ha (restores organic carbon and microbes)
Bajra hybrid,General nutrient depletion (NPK) and organic carbon loss,"Green gram (मूंग), Cowpea (लोबिया), Maize (मक्का)",Rotation with legumes and adding organic matter restores major nutrients and improves soil health. — लेग्यूम रोटेशन व जैविक पदार्थ से मुख्य पोषक और मिट्टी सुधरती है।,Balanced NPK as per crop + FYM 3–5 t/ha,"Use IPM (Neem, biocontrols) and minimal synthetic insecticides",Compost or FYM 3–5 t/ha (restores organic carbon and microbes)
Green gram (Moong),General nutrient depletion (NPK) and organic carbon loss,"Green gram (मूंग), Cowpea (लोबिया), Maize (मक्का)",Rotation with legumes and adding organic matter restores major nutrients and improves soil health. — लेग्यूम रोटेशन व जैविक पदार्थ से मुख्य पोषक और मिट्टी सुधरती है।,Balanced NPK as per crop + FYM 3–5 t/ha,"Use IPM (Neem, biocontrols) and minimal synthetic insecticides",Compost or FYM 3–5 t/ha (restores organic carbon and microbes)
Black gram (Urd),General nutrient depletion (NPK) and organic carbon loss,"Green gram (मूंग), Cowpea (लोबिया), Maize (मक्का)",Rotation with legumes and adding organic matter restores major nutrients and improves soil health. — लेग्यूम रोटेशन व जैविक पदार्थ से मुख्य पोषक और मिट्टी सुधरती है।,Balanced NPK as per crop + FYM 3–5 t/ha,"Use IPM (Neem, biocontrols) and minimal synthetic insecticides",Compost or FYM 3–5 t/ha (restores organic carbon and microbes)
Chickpea (Gram),Phosphorus (P) deficiency,"Rice (Paddy) (धान), Maize (मक्का), Pearl millet (Bajra) (बाजरा)",Cereals following pulses add biomass and feed microbial processes that mobilize fixed P; residues conserve moisture. — अनाज अवशेष P को गतिशील बनाते हैं और नमी बचाते हैं।,DAP 125 kg/ha (basal N & P),Copper oxychloride (root rot control),Rice husk compost 3 t/ha (light carbon source improving aeration)
Pigeon pea (Arhar,General nutrient depletion (NPK) and organic carbon loss,"Green gram (मूंग), Cowpea (लोबिया), Maize (मक्का)",Rotation with legumes and adding organic matter restores major nutrients and improves soil health. — लेग्यूम रोटेशन व जैविक पदार्थ से मुख्य पोषक और मिट्टी सुधरती है।,Balanced NPK as per crop + FYM 3–5 t/ha,"Use IPM (Neem, biocontrols) and minimal synthetic insecticides",Compost or FYM 3–5 t/ha (restores organic carbon and microbes)
Lentil (Masoor),General nutrient depletion (NPK) and organic carbon loss,"Green gram (मूंग), Cowpea (लोबिया), Maize (मक्का)",Rotation with legumes and adding organic matter restores major nutrients and improves soil health. — लेग्यूम रोटेशन व जैविक पदार्थ से मुख्य पोषक और मिट्टी सुधरती है।,Balanced NPK as per crop + FYM 3–5 t/ha,"Use IPM (Neem, biocontrols) and minimal synthetic insecticides",Compost or FYM 3–5 t/ha (restores organic carbon and microbes)
Cowpea (Lobia),General nutrient depletion (NPK) and organic carbon loss,"Green gram (मूंग), Cowpea (लोबिया), Maize (मक्का)",Rotation with legumes and adding organic matter restores major nutrients and improves soil health. — लेग्यूम रोटेशन व जैविक पदार्थ से मुख्य पोषक और मिट्टी सुधरती है।,Balanced NPK as per crop + FYM 3–5 t/ha,"Use IPM (Neem, biocontrols) and minimal synthetic insecticides",Compost or FYM 3–5 t/ha (restores organic carbon and microbes)
Moth bean (Matki),General nutrient depletion (NPK) and organic carbon loss,"Green gram (मूंग), Cowpea (लोबिया), Maize (मक्का)",Rotation with legumes and adding organic matter restores major nutrients and improves soil health. — लेग्यूम रोटेशन व जैविक पदार्थ से मुख्य पोषक और मिट्टी सुधरती है।,Balanced NPK as per crop + FYM 3–5 t/ha,"Use IPM (Neem, biocontrols) and minimal synthetic insecticides",Compost or FYM 3–5 t/ha (restores organic carbon and microbes)
Horse gram (Kulthi),General nutrient depletion (NPK) and organic carbon loss,"Green gram (मूंग), Cowpea (लोबिया), Maize (मक्का)",Rotation with legumes and adding organic matter restores major nutrients and improves soil health. — लेग्यूम रोटेशन व जैविक पदार्थ से मुख्य पोषक और मिट्टी सुधरती है।,Balanced NPK as per crop + FYM 3–5 t/ha,"Use IPM (Neem, biocontrols) and minimal synthetic insecticides",Compost or FYM 3–5 t/ha (restores organic carbon and microbes)
Cluster bean (Guar),General nutrient depletion (NPK) and organic carbon loss,"Green gram (मूंग), Cowpea (लोबिया), Maize (मक्का)",Rotation with legumes and adding organic matter restores major nutrients and improves soil health. — लेग्यूम रोटेशन व जैविक पदार्थ से मुख्य पोषक और मिट्टी सुधरती है।,Balanced NPK as per crop + FYM 3–5 t/ha,"Use IPM (Neem, biocontrols) and minimal synthetic insecticides",Compost or FYM 3–5 t/ha (restores organic carbon and microbes)
Soybean,General nutrient depletion (NPK) and organic carbon loss,"Green gram (मूंग), Cowpea (लोबिया), Maize (मक्का)",Rotation with legumes and adding organic matter restores major nutrients and improves soil health. — लेग्यूम रोटेशन व जैविक पदार्थ से मुख्य पोषक और मिट्टी सुधरती है।,Balanced NPK as per crop + FYM 3–5 t/ha,"Use IPM (Neem, biocontrols) and minimal synthetic insecticides",Compost or FYM 3–5 t/ha (restores organic carbon and microbes)
Groundnut (Peanut),Calcium (Ca) and Boron (B) deficiency,"Sorghum (ज्वार), Bajra (बाजरा), Maize (मक्का)",Millets and cereals tolerate marginal Ca/B soils and their residues increase organic matter; targeted boron & lime correct soils. — मिलेट्स और लक्षित Boron अनुप्रयोग से कमी पूरी होती है।,DAP 100 kg/ha + Borax 10 kg/ha (P and B correction),Malathion 5% dust (pod borer control),Bio-slurry compost 3–4 t/ha (adds Ca and organic acids)
Sesame (Til),General nutrient depletion (NPK) and organic carbon loss,"Green gram (मूंग), Cowpea (लोबिया), Maize (मक्का)",Rotation with legumes and adding organic matter restores major nutrients and improves soil health. — लेग्यूम रोटेशन व जैविक पदार्थ से मुख्य पोषक और मिट्टी सुधरती है।,Balanced NPK as per crop + FYM 3–5 t/ha,"Use IPM (Neem, biocontrols) and minimal synthetic insecticides",Compost or FYM 3–5 t/ha (restores organic carbon and microbes)
Sunflower,General nutrient depletion (NPK) and organic carbon loss,"Green gram (मूंग), Cowpea (लोबिया), Maize (मक्का)",Rotation with legumes and adding organic matter restores major nutrients and improves soil health. — लेग्यूम रोटेशन व जैविक पदार्थ से मुख्य पोषक और मिट्टी सुधरती है।,Balanced NPK as per crop + FYM 3–5 t/ha,"Use IPM (Neem, biocontrols) and minimal synthetic insecticides",Compost or FYM 3–5 t/ha (restores organic carbon and microbes)
Mustard,Nitrogen (N) and Sulfur (S) depletion,"Green gram (मूंग), Cowpea (लोबिया), Soybean (सोयाबीन)",Brassicas use large N/S; following them with legumes restores N biologically and residues contribute organic S. — ब्रासिका के बाद लेग्यूम N और S बहाल करते हैं।,Urea 60 kg/ha + SSP 120 kg/ha (N and S balance),Neem-based pesticide (eco-friendly),FYM 4–5 t/ha (improves N retention and soil life)
Linseed (Flax),General nutrient depletion (NPK) and organic carbon loss,"Green gram (मूंग), Cowpea (लोबिया), Maize (मक्का)",Rotation with legumes and adding organic matter restores major nutrients and improves soil health. — लेग्यूम रोटेशन व जैविक पदार्थ से मुख्य पोषक और मिट्टी सुधरती है।,Balanced NPK as per crop + FYM 3–5 t/ha,"Use IPM (Neem, biocontrols) and minimal synthetic insecticides",Compost or FYM 3–5 t/ha (restores organic carbon and microbes)
Castor,General nutrient depletion (NPK) and organic carbon loss,"Green gram (मूंग), Cowpea (लोबिया), Maize (मक्का)",Rotation with legumes and adding organic matter restores major nutrients and improves soil health. — लेग्यूम रोटेशन व जैविक पदार्थ से मुख्य पोषक और मिट्टी सुधरती है।,Balanced NPK as per crop + FYM 3–5 t/ha,"Use IPM (Neem, biocontrols) and minimal synthetic insecticides",Compost or FYM 3–5 t/ha (restores organic carbon and microbes)
Safflower,General nutrient depletion (NPK) and organic carbon loss,"Green gram (मूंग), Cowpea (लोबिया), Maize (मक्का)",Rotation with legumes and adding organic matter restores major nutrients and improves soil health. — लेग्यूम रोटेशन व जैविक पदार्थ से मुख्य पोषक और मिट्टी सुधरती है।,Balanced NPK as per crop + FYM 3–5 t/ha,"Use IPM (Neem, biocontrols) and minimal synthetic insecticides",Compost or FYM 3–5 t/ha (restores organic carbon and microbes)
Cotton,Nitrogen (N) and Sulfur (S) deficiency,"Soybean (सोयाबीन), Black gram (उड़द), Green gram (मूंग)","Legumes rebuild N and, with gypsum or organic S sources, restore sulfur pools; cropping diversity boosts microbes. — लेग्यूम N लौटाती हैं और जिप्सम S बहाल करता है।",Urea 70 kg/ha + Gypsum 100 kg/ha (N and S correction),Triazophos 40 EC (bollworm control),Vermicompost 2 t/ha (improves nutrient uptake and soil biology)
Sugarcane,Potassium (K) depletion,"Gram (चना), Lentil (मसूर), Pea (मटर)",Deep-rooted pulses recycle K from subsoil and add biomass which slowly releases K improving long-term K balance. — गहरी जड़ें K पुनर्चक्रण कर संतुलन बहाल करती हैं।,MOP 60 kg/ha + DAP 80 kg/ha (K replenishment and basal P),Neem oil spray (botanical control),Press-mud compost 3–5 t/ha (rich in K and organic carbon)
Potato,Phosphorus (P) and Organic carbon loss,"Maize (मक्का), Pearl millet (Bajra) (बाजरा), Cowpea (लोबिया)",Cereal-legume rotations stabilize P cycling and add labile carbon; residues improve aggregation and microbial P mineralization. — रोटेशन P चक्र और कार्बन संतुलित करता है।,SSP 150 kg/ha + Urea 50 kg/ha (P restoration and starter N),Mancozeb + Metalaxyl (late blight and fungal control),Cow dung compost 5 t/ha (adds humus and microbial diversity)
Sweet potato,Phosphorus (P) and Organic carbon loss,"Maize (मक्का), Pearl millet (Bajra) (बाजरा), Cowpea (लोबिया)",Cereal-legume rotations stabilize P cycling and add labile carbon; residues improve aggregation and microbial P mineralization. — रोटेशन P चक्र और कार्बन संतुलित करता है।,SSP 150 kg/ha + Urea 50 kg/ha (P restoration and starter N),Mancozeb + Metalaxyl (late blight and fungal control),Cow dung compost 5 t/ha (adds humus and microbial diversity)
Tomato,Zinc (Zn) and Boron (B) deficiency,"Maize (मक्का), Cowpea (लोबिया), Okra (भिंडी)",Rotation out of Solanaceae reduces pathogen load; legumes add N while residues and foliar Zn/B correct micronutrients. — सोलानेसी चक्रीय अंतर रोग कम करता है और Zn/B बहाल करते हैं।,Zinc sulfate 25 kg/ha + DAP 100 kg/ha (Zn correction and base nutrition),Imidacloprid 17.8 SL (sucking pests) + Mancozeb for fungal issues,Vegetable waste compost 3–5 t/ha (recycles nutrients and organic acids)
Brinjal (Eggplant),Zinc (Zn) and Boron (B) deficiency,"Maize (मक्का), Cowpea (लोबिया), Okra (भिंडी)",Rotation out of Solanaceae reduces pathogen load; legumes add N while residues and foliar Zn/B correct micronutrients. — सोलानेसी चक्रीय अंतर रोग कम करता है और Zn/B बहाल करते हैं।,Zinc sulfate 25 kg/ha + DAP 100 kg/ha (Zn correction and base nutrition),Imidacloprid 17.8 SL (sucking pests) + Mancozeb for fungal issues,Vegetable waste compost 3–5 t/ha (recycles nutrients and organic acids)
Okra (Lady's finger),General nutrient depletion (NPK) and organic carbon loss,"Green gram (मूंग), Cowpea (लोबिया), Maize (मक्का)",Rotation with legumes and adding organic matter restores major nutrients and improves soil health. — लेग्यूम रोटेशन व जैविक पदार्थ से मुख्य पोषक और मिट्टी सुधरती है।,Balanced NPK as per crop + FYM 3–5 t/ha,"Use IPM (Neem, biocontrols) and minimal synthetic insecticides",Compost or FYM 3–5 t/ha (restores organic carbon and microbes)
Chilli,General nutrient depletion (NPK) and organic carbon loss,"Green gram (मूंग), Cowpea (लोबिया), Maize (मक्का)",Rotation with legumes and adding organic matter restores major nutrients and improves soil health. — लेग्यूम रोटेशन व जैविक पदार्थ से मुख्य पोषक और मिट्टी सुधरती है।,Balanced NPK as per crop + FYM 3–5 t/ha,"Use IPM (Neem, biocontrols) and minimal synthetic insecticides",Compost or FYM 3–5 t/ha (restores organic carbon and microbes)
Capsicum,General nutrient depletion (NPK) and organic carbon loss,"Green gram (मूंग), Cowpea (लोबिया), Maize (मक्का)",Rotation with legumes and adding organic matter restores major nutrients and improves soil health. — लेग्यूम रोटेशन व जैविक पदार्थ से मुख्य पोषक और मिट्टी सुधरती है।,Balanced NPK as per crop + FYM 3–5 t/ha,"Use IPM (Neem, biocontrols) and minimal synthetic insecticides",Compost or FYM 3–5 t/ha (restores organic carbon and microbes)
Cabbage,General nutrient depletion (NPK) and organic carbon loss,"Green gram (मूंग), Cowpea (लोबिया), Maize (मक्का)",Rotation with legumes and adding organic matter restores major nutrients and improves soil health. — लेग्यूम रोटेशन व जैविक पदार्थ से मुख्य पोषक और मिट्टी सुधरती है।,Balanced NPK as per crop + FYM 3–5 t/ha,"Use IPM (Neem, biocontrols) and minimal synthetic insecticides",Compost or FYM 3–5 t/ha (restores organic carbon and microbes)
Cauliflower,General nutrient depletion (NPK) and organic carbon loss,"Green gram (मूंग), Cowpea (लोबिया), Maize (मक्का)",Rotation with legumes and adding organic matter restores major nutrients and improves soil health. — लेग्यूम रोटेशन व जैविक पदार्थ से मुख्य पोषक और मिट्टी सुधरती है।,Balanced NPK as per crop + FYM 3–5 t/ha,"Use IPM (Neem, biocontrols) and minimal synthetic insecticides",Compost or FYM 3–5 t/ha (restores organic carbon and microbes)
Broccoli,General nutrient depletion (NPK) and organic carbon loss,"Green gram (मूंग), Cowpea (लोबिया), Maize (मक्का)",Rotation with legumes and adding organic matter restores major nutrients and improves soil health. — लेग्यूम रोटेशन व जैविक पदार्थ से मुख्य पोषक और मिट्टी सुधरती है।,Balanced NPK as per crop + FYM 3–5 t/ha,"Use IPM (Neem, biocontrols) and minimal synthetic insecticides",Compost or FYM 3–5 t/ha (restores organic carbon and microbes)
Onion,Nitrogen (N) deficiency,"Green gram (मूंग), Lentil (मसूर), Cowpea (लोबिया)",Short-duration legumes between cycles fix N rapidly and supply mineralizable N for bulbs while reducing pest carryover. — छोटी लेग्यूम N देती हैं और कीट कम करती हैं।,Urea 40 kg/ha + SSP 100 kg/ha (top dressing N and basal P),Dithane M-45 (fungal leaf spot),Vermicompost 2–3 t/ha (fine texture improves bulb development)
Garlic,Nitrogen (N) deficiency,"Green gram (मूंग), Lentil (मसूर), Cowpea (लोबिया)",Short-duration legumes between cycles fix N rapidly and supply mineralizable N for bulbs while reducing pest carryover. — छोटी लेग्यूम N देती हैं और कीट कम करती हैं।,Urea 40 kg/ha + SSP 100 kg/ha (top dressing N and basal P),Dithane M-45 (fungal leaf spot),Vermicompost 2–3 t/ha (fine texture improves bulb development)
Carrot,General nutrient depletion (NPK) and organic carbon loss,"Green gram (मूंग), Cowpea (लोबिया), Maize (मक्का)",Rotation with legumes and adding organic matter restores major nutrients and improves soil health. — लेग्यूम रोटेशन व जैविक पदार्थ से मुख्य पोषक और मिट्टी सुधरती है।,Balanced NPK as per crop + FYM 3–5 t/ha,"Use IPM (Neem, biocontrols) and minimal synthetic insecticides",Compost or FYM 3–5 t/ha (restores organic carbon and microbes)
Beetroot,General nutrient depletion (NPK) and organic carbon loss,"Green gram (मूंग), Cowpea (लोबिया), Maize (मक्का)",Rotation with legumes and adding organic matter restores major nutrients and improves soil health. — लेग्यूम रोटेशन व जैविक पदार्थ से मुख्य पोषक और मिट्टी सुधरती है।,Balanced NPK as per crop + FYM 3–5 t/ha,"Use IPM (Neem, biocontrols) and minimal synthetic insecticides",Compost or FYM 3–5 t/ha (restores organic carbon and microbes)
Radish,General nutrient depletion (NPK) and organic carbon loss,"Green gram (मूंग), Cowpea (लोबिया), Maize (मक्का)",Rotation with legumes and adding organic matter restores major nutrients and improves soil health. — लेग्यूम रोटेशन व जैविक पदार्थ से मुख्य पोषक और मिट्टी सुधरती है।,Balanced NPK as per crop + FYM 3–5 t/ha,"Use IPM (Neem, biocontrols) and minimal synthetic insecticides",Compost or FYM 3–5 t/ha (restores organic carbon and microbes)
Cucumber,General nutrient depletion (NPK) and organic carbon loss,"Green gram (मूंग), Cowpea (लोबिया), Maize (मक्का)",Rotation with legumes and adding organic matter restores major nutrients and improves soil health. — लेग्यूम रोटेशन व जैविक पदार्थ से मुख्य पोषक और मिट्टी सुधरती है।,Balanced NPK as per crop + FYM 3–5 t/ha,"Use IPM (Neem, biocontrols) and minimal synthetic insecticides",Compost or FYM 3–5 t/ha (restores organic carbon and microbes)
Bitter gourd,General nutrient depletion (NPK) and organic carbon loss,"Green gram (मूंग), Cowpea (लोबिया), Maize (मक्का)",Rotation with legumes and adding organic matter restores major nutrients and improves soil health. — लेग्यूम रोटेशन व जैविक पदार्थ से मुख्य पोषक और मिट्टी सुधरती है।,Balanced NPK as per crop + FYM 3–5 t/ha,"Use IPM (Neem, biocontrols) and minimal synthetic insecticides",Compost or FYM 3–5 t/ha (restores organic carbon and microbes)
Bottle gourd,General nutrient depletion (NPK) and organic carbon loss,"Green gram (मूंग), Cowpea (लोबिया), Maize (मक्का)",Rotation with legumes and adding organic matter restores major nutrients and improves soil health. — लेग्यूम रोटेशन व जैविक पदार्थ से मुख्य पोषक और मिट्टी सुधरती है।,Balanced NPK as per crop + FYM 3–5 t/ha,"Use IPM (Neem, biocontrols) and minimal synthetic insecticides",Compost or FYM 3–5 t/ha (restores organic carbon and microbes)
Ridge gourd,General nutrient depletion (NPK) and organic carbon loss,"Green gram (मूंग), Cowpea (लोबिया), Maize (मक्का)",Rotation with legumes and adding organic matter restores major nutrients and improves soil health. — लेग्यूम रोटेशन व जैविक पदार्थ से मुख्य पोषक और मिट्टी सुधरती है।,Balanced NPK as per crop + FYM 3–5 t/ha,"Use IPM (Neem, biocontrols) and minimal synthetic insecticides",Compost or FYM 3–5 t/ha (restores organic carbon and microbes)
Pumpkin,General nutrient depletion (NPK) and organic carbon loss,"Green gram (मूंग), Cowpea (लोबिया), Maize (मक्का)",Rotation with legumes and adding organic matter restores major nutrients and improves soil health. — लेग्यूम रोटेशन व जैविक पदार्थ से मुख्य पोषक और मिट्टी सुधरती है।,Balanced NPK as per crop + FYM 3–5 t/ha,"Use IPM (Neem, biocontrols) and minimal synthetic insecticides",Compost or FYM 3–5 t/ha (restores organic carbon and microbes)
Muskmelon,General nutrient depletion (NPK) and organic carbon loss,"Green gram (मूंग), Cowpea (लोबिया), Maize (मक्का)",Rotation with legumes and adding organic matter restores major nutrients and improves soil health. — लेग्यूम रोटेशन व जैविक पदार्थ से मुख्य पोषक और मिट्टी सुधरती है।,Balanced NPK as per crop + FYM 3–5 t/ha,"Use IPM (Neem, biocontrols) and minimal synthetic insecticides",Compost or FYM 3–5 t/ha (restores organic carbon and microbes)
Watermelon,General nutrient depletion (NPK) and organic carbon loss,"Green gram (मूंग), Cowpea (लोबिया), Maize (मक्का)",Rotation with legumes and adding organic matter restores major nutrients and improves soil health. — लेग्यूम रोटेशन व जैविक पदार्थ से मुख्य पोषक और मिट्टी सुधरती है।,Balanced NPK as per crop + FYM 3–5 t/ha,"Use IPM (Neem, biocontrols) and minimal synthetic insecticides",Compost or FYM 3–5 t/ha (restores organic carbon and microbes)
Mango,"Micronutrient (Zn, B, Fe) depletion","Legume cover crops (लेग्यूम कवर्स), Green manures (Sesbania) (ढैंचा), Lucerne/Alfalfa (अल्फाल्फा)","Tree crops benefit from cover crops and organic mulching that restore micronutrients, improve rooting and soil moisture. — वृक्ष फसलें कवर्स व मल्च से सूक्ष्म पोषक और जड़ क्षेत्र सुधार पाती हैं।",Balanced NPK as per stage + Zinc 25 kg/ha + Boron foliar if deficient,Pheromone traps for key pests + Neem oil,Compost 5 t/ha + Mulch (improves root zone organic matter)
Banana,Potassium (K) and micronutrient depletion,"Legume cover crops (लेग्यूम कवर्स), Green manures (हरी खाद), Legume intercrops (लेग्यूम अंतरफसल)",Banana is a heavy K user; intercropping with legumes and adding organic matter restores K and micronutrients and improves moisture retention. — केला K का भारी उपयोग करता है; लेग्यूम व जैविक पदार्थ से बहाली होती है।,"MOP 100 kg/ha + Micronutrient mix (Zn, B) as per soil test",Bacillus-based biopesticides + Neem formulations,Compost 5–10 t/ha + Mulch (improves K retention and soil moisture)
Papaya,"Micronutrient (Zn, B, Fe) depletion","Legume cover crops (लेग्यूम कवर्स), Green manures (Sesbania) (ढैंचा), Lucerne/Alfalfa (अल्फाल्फा)","Tree crops benefit from cover crops and organic mulching that restore micronutrients, improve rooting and soil moisture. — वृक्ष फसलें कवर्स व मल्च से सूक्ष्म पोषक और जड़ क्षेत्र सुधार पाती हैं।",Balanced NPK as per stage + Zinc 25 kg/ha + Boron foliar if deficient,Pheromone traps for key pests + Neem oil,Compost 5 t/ha + Mulch (improves root zone organic matter)
Guava,"Micronutrient (Zn, B, Fe) depletion","Legume cover crops (लेग्यूम कवर्स), Green manures (Sesbania) (ढैंचा), Lucerne/Alfalfa (अल्फाल्फा)","Tree crops benefit from cover crops and organic mulching that restore micronutrients, improve rooting and soil moisture. — वृक्ष फसलें कवर्स व मल्च से सूक्ष्म पोषक और जड़ क्षेत्र सुधार पाती हैं।",Balanced NPK as per stage + Zinc 25 kg/ha + Boron foliar if deficient,Pheromone traps for key pests + Neem oil,Compost 5 t/ha + Mulch (improves root zone organic matter)
Pineapple,"Micronutrient (Zn, B, Fe) depletion","Legume cover crops (लेग्यूम कवर्स), Green manures (Sesbania) (ढैंचा), Lucerne/Alfalfa (अल्फाल्फा)","Tree crops benefit from cover crops and organic mulching that restore micronutrients, improve rooting and soil moisture. — वृक्ष फसलें कवर्स व मल्च से सूक्ष्म पोषक और जड़ क्षेत्र सुधार पाती हैं।",Balanced NPK as per stage + Zinc 25 kg/ha + Boron foliar if deficient,Pheromone traps for key pests + Neem oil,Compost 5 t/ha + Mulch (improves root zone organic matter)
Sapota (Chiku),General nutrient depletion (NPK) and organic carbon loss,"Green gram (मूंग), Cowpea (लोबिया), Maize (मक्का)",Rotation with legumes and adding organic matter restores major nutrients and improves soil health. — लेग्यूम रोटेशन व जैविक पदार्थ से मुख्य पोषक और मिट्टी सुधरती है।,Balanced NPK as per crop + FYM 3–5 t/ha,"Use IPM (Neem, biocontrols) and minimal synthetic insecticides",Compost or FYM 3–5 t/ha (restores organic carbon and microbes)
Jackfruit,General nutrient depletion (NPK) and organic carbon loss,"Green gram (मूंग), Cowpea (लोबिया), Maize (मक्का)",Rotation with legumes and adding organic matter restores major nutrients and improves soil health. — लेग्यूम रोटेशन व जैविक पदार्थ से मुख्य पोषक और मिट्टी सुधरती है।,Balanced NPK as per crop + FYM 3–5 t/ha,"Use IPM (Neem, biocontrols) and minimal synthetic insecticides",Compost or FYM 3–5 t/ha (restores organic carbon and microbes)
Custard apple,"Micronutrient (Zn, B, Fe) depletion","Legume cover crops (लेग्यूम कवर्स), Green manures (Sesbania) (ढैंचा), Lucerne/Alfalfa (अल्फाल्फा)","Tree crops benefit from cover crops and organic mulching that restore micronutrients, improve rooting and soil moisture. — वृक्ष फसलें कवर्स व मल्च से सूक्ष्म पोषक और जड़ क्षेत्र सुधार पाती हैं।",Balanced NPK as per stage + Zinc 25 kg/ha + Boron foliar if deficient,Pheromone traps for key pests + Neem oil,Compost 5 t/ha + Mulch (improves root zone organic matter)
Litchi,General nutrient depletion (NPK) and organic carbon loss,"Green gram (मूंग), Cowpea (लोबिया), Maize (मक्का)",Rotation with legumes and adding organic matter restores major nutrients and improves soil health. — लेग्यूम रोटेशन व जैविक पदार्थ से मुख्य पोषक और मिट्टी सुधरती है।,Balanced NPK as per crop + FYM 3–5 t/ha,"Use IPM (Neem, biocontrols) and minimal synthetic insecticides",Compost or FYM 3–5 t/ha (restores organic carbon and microbes)
Grapes,"Micronutrient (Zn, B, Fe) depletion","Legume cover crops (लेग्यूम कवर्स), Green manures (Sesbania) (ढैंचा), Lucerne/Alfalfa (अल्फाल्फा)","Tree crops benefit from cover crops and organic mulching that restore micronutrients, improve rooting and soil moisture. — वृक्ष फसलें कवर्स व मल्च से सूक्ष्म पोषक और जड़ क्षेत्र सुधार पाती हैं।",Balanced NPK as per stage + Zinc 25 kg/ha + Boron foliar if deficient,Pheromone traps for key pests + Neem oil,Compost 5 t/ha + Mulch (improves root zone organic matter)
Pomegranate,"Micronutrient (Zn, B, Fe) depletion","Legume cover crops (लेग्यूम कवर्स), Green manures (Sesbania) (ढैंचा), Lucerne/Alfalfa (अल्फाल्फा)","Tree crops benefit from cover crops and organic mulching that restore micronutrients, improve rooting and soil moisture. — वृक्ष फसलें कवर्स व मल्च से सूक्ष्म पोषक और जड़ क्षेत्र सुधार पाती हैं।",Balanced NPK as per stage + Zinc 25 kg/ha + Boron foliar if deficient,Pheromone traps for key pests + Neem oil,Compost 5 t/ha + Mulch (improves root zone organic matter)
Orange,"Micronutrient (Zn, B, Fe) depletion","Legume cover crops (लेग्यूम कवर्स), Green manures (Sesbania) (ढैंचा), Lucerne/Alfalfa (अल्फाल्फा)","Tree crops benefit from cover crops and organic mulching that restore micronutrients, improve rooting and soil moisture. — वृक्ष फसलें कवर्स व मल्च से सूक्ष्म पोषक और जड़ क्षेत्र सुधार पाती हैं।",Balanced NPK as per stage + Zinc 25 kg/ha + Boron foliar if deficient,Pheromone traps for key pests + Neem oil,Compost 5 t/ha + Mulch (improves root zone organic matter)
Lemon,"Micronutrient (Zn, B, Fe) depletion","Legume cover crops (लेग्यूम कवर्स), Green manures (Sesbania) (ढैंचा), Lucerne/Alfalfa (अल्फाल्फा)","Tree crops benefit from cover crops and organic mulching that restore micronutrients, improve rooting and soil moisture. — वृक्ष फसलें कवर्स व मल्च से सूक्ष्म पोषक और जड़ क्षेत्र सुधार पाती हैं।",Balanced NPK as per stage + Zinc 25 kg/ha + Boron foliar if deficient,Pheromone traps for key pests + Neem oil,Compost 5 t/ha + Mulch (improves root zone organic matter)
Ber (Indian jujube),General nutrient depletion (NPK) and organic carbon loss,"Green gram (मूंग), Cowpea (लोबिया), Maize (मक्का)",Rotation with legumes and adding organic matter restores major nutrients and improves soil health. — लेग्यूम रोटेशन व जैविक पदार्थ से मुख्य पोषक और मिट्टी सुधरती है।,Balanced NPK as per crop + FYM 3–5 t/ha,"Use IPM (Neem, biocontrols) and minimal synthetic insecticides",Compost or FYM 3–5 t/ha (restores organic carbon and microbes)
Apple,"Micronutrient (Zn, B, Fe) depletion","Legume cover crops (लेग्यूम कवर्स), Green manures (Sesbania) (ढैंचा), Lucerne/Alfalfa (अल्फाल्फा)","Tree crops benefit from cover crops and organic mulching that restore micronutrients, improve rooting and soil moisture. — वृक्ष फसलें कवर्स व मल्च से सूक्ष्म पोषक और जड़ क्षेत्र सुधार पाती हैं।",Balanced NPK as per stage + Zinc 25 kg/ha + Boron foliar if deficient,Pheromone traps for key pests + Neem oil,Compost 5 t/ha + Mulch (improves root zone organic matter)
Pear,General nutrient depletion (NPK) and organic carbon loss,"Green gram (मूंग), Cowpea (लोबिया), Maize (मक्का)",Rotation with legumes and adding organic matter restores major nutrients and improves soil health. — लेग्यूम रोटेशन व जैविक पदार्थ से मुख्य पोषक और मिट्टी सुधरती है।,Balanced NPK as per crop + FYM 3–5 t/ha,"Use IPM (Neem, biocontrols) and minimal synthetic insecticides",Compost or FYM 3–5 t/ha (restores organic carbon and microbes)
Plum,General nutrient depletion (NPK) and organic carbon loss,"Green gram (मूंग), Cowpea (लोबिया), Maize (मक्का)",Rotation with legumes and adding organic matter restores major nutrients and improves soil health. — लेग्यूम रोटेशन व जैविक पदार्थ से मुख्य पोषक और मिट्टी सुधरती है।,Balanced NPK as per crop + FYM 3–5 t/ha,"Use IPM (Neem, biocontrols) and minimal synthetic insecticides",Compost or FYM 3–5 t/ha (restores organic carbon and microbes)
Strawberry,General nutrient depletion (NPK) and organic carbon loss,"Green gram (मूंग), Cowpea (लोबिया), Maize (मक्का)",Rotation with legumes and adding organic matter restores major nutrients and improves soil health. — लेग्यूम रोटेशन व जैविक पदार्थ से मुख्य पोषक और मिट्टी सुधरती है।,Balanced NPK as per crop + FYM 3–5 t/ha,"Use IPM (Neem, biocontrols) and minimal synthetic insecticides",Compost or FYM 3–5 t/ha (restores organic carbon and microbes)
Tea,"Organic carbon and micro-nutrient depletion (B, Zn)","Legume shade crops (लेग्यूम शेड क्रॉप्स), Cover crops (कवर्स), Compost crops (कम्पोस्ट फसलें)",Perennial crops require constant organic inputs; shade & cover legumes improve soil N and microbe activity. — वरिष्ठ फसलें निरंतर जैविक इनपुट चाहती हैं।,Low-dose N with organic amendments + micronutrients as needed,"Bio-control agents (Trichogramma, Beauveria) and cultural controls",Well-rotted farmyard manure and mulch 10 t/ha (maintains soil moisture & C)
Coffee,"Organic carbon and micro-nutrient depletion (B, Zn)","Legume shade crops (लेग्यूम शेड क्रॉप्स), Cover crops (कवर्स), Compost crops (कम्पोस्ट फसलें)",Perennial crops require constant organic inputs; shade & cover legumes improve soil N and microbe activity. — वरिष्ठ फसलें निरंतर जैविक इनपुट चाहती हैं।,Low-dose N with organic amendments + micronutrients as needed,"Bio-control agents (Trichogramma, Beauveria) and cultural controls",Well-rotted farmyard manure and mulch 10 t/ha (maintains soil moisture & C)
Coconut,General nutrient depletion (NPK) and organic carbon loss,"Green gram (मूंग), Cowpea (लोबिया), Maize (मक्का)",Rotation with legumes and adding organic matter restores major nutrients and improves soil health. — लेग्यूम रोटेशन व जैविक पदार्थ से मुख्य पोषक और मिट्टी सुधरती है।,Balanced NPK as per crop + FYM 3–5 t/ha,"Use IPM (Neem, biocontrols) and minimal synthetic insecticides",Compost or FYM 3–5 t/ha (restores organic carbon and microbes)
Arecanut,Organic carbon depletion and Mn/Zn issues,"Legume cover crops (लेग्यूम कवर्स), Green manure (हरी खाद), Compost crops (कम्पोस्ट फसलें)",Spices need high organic matter and balanced micronutrients; green manures and compost improve rhizosphere biology. — मसाले अधिक जैविक पदार्थ मांगते हैं; हरी खाद और कम्पोस्ट से मिट्टी सुधरती है।,Organic-based N + SSP as per requirement + micronutrient spray if needed,Cultural control + Trichoderma for soil-borne diseases,Well-decomposed compost 5–10 t/ha (improves humus and microbial balance)
Tobacco,General nutrient depletion (NPK) and organic carbon loss,"Green gram (मूंग), Cowpea (लोबिया), Maize (मक्का)",Rotation with legumes and adding organic matter restores major nutrients and improves soil health. — लेग्यूम रोटेशन व जैविक पदार्थ से मुख्य पोषक और मिट्टी सुधरती है।,Balanced NPK as per crop + FYM 3–5 t/ha,"Use IPM (Neem, biocontrols) and minimal synthetic insecticides",Compost or FYM 3–5 t/ha (restores organic carbon and microbes)
Rubber,General nutrient depletion (NPK) and organic carbon loss,"Green gram (मूंग), Cowpea (लोबिया), Maize (मक्का)",Rotation with legumes and adding organic matter restores major nutrients and improves soil health. — लेग्यूम रोटेशन व जैविक पदार्थ से मुख्य पोषक और मिट्टी सुधरती है।,Balanced NPK as per crop + FYM 3–5 t/ha,"Use IPM (Neem, biocontrols) and minimal synthetic insecticides",Compost or FYM 3–5 t/ha (restores organic carbon and microbes)
Aloe vera,General nutrient depletion (NPK) and organic carbon loss,"Green gram (मूंग), Cowpea (लोबिया), Maize (मक्का)",Rotation with legumes and adding organic matter restores major nutrients and improves soil health. — लेग्यूम रोटेशन व जैविक पदार्थ से मुख्य पोषक और मिट्टी सुधरती है।,Balanced NPK as per crop + FYM 3–5 t/ha,"Use IPM (Neem, biocontrols) and minimal synthetic insecticides",Compost or FYM 3–5 t/ha (restores organic carbon and microbes)
Turmeric,Organic carbon depletion and Mn/Zn issues,"Legume cover crops (लेग्यूम कवर्स), Green manure (हरी खाद), Compost crops (कम्पोस्ट फसलें)",Spices need high organic matter and balanced micronutrients; green manures and compost improve rhizosphere biology. — मसाले अधिक जैविक पदार्थ मांगते हैं; हरी खाद और कम्पोस्ट से मिट्टी सुधरती है।,Organic-based N + SSP as per requirement + micronutrient spray if needed,Cultural control + Trichoderma for soil-borne diseases,Well-decomposed compost 5–10 t/ha (improves humus and microbial balance)
Ginger,Organic carbon depletion and Mn/Zn issues,"Legume cover crops (लेग्यूम कवर्स), Green manure (हरी खाद), Compost crops (कम्पोस्ट फसलें)",Spices need high organic matter and balanced micronutrients; green manures and compost improve rhizosphere biology. — मसाले अधिक जैविक पदार्थ मांगते हैं; हरी खाद और कम्पोस्ट से मिट्टी सुधरती है।,Organic-based N + SSP as per requirement + micronutrient spray if needed,Cultural control + Trichoderma for soil-borne diseases,Well-decomposed compost 5–10 t/ha (improves humus and microbial balance)
Garlic (again),Nitrogen (N) deficiency,"Green gram (मूंग), Lentil (मसूर), Cowpea (लोबिया)",Short-duration legumes between cycles fix N rapidly and supply mineralizable N for bulbs while reducing pest carryover. — छोटी लेग्यूम N देती हैं और कीट कम करती हैं।,Urea 40 kg/ha + SSP 100 kg/ha (top dressing N and basal P),Dithane M-45 (fungal leaf spot),Vermicompost 2–3 t/ha (fine texture improves bulb development)
Coriander,General nutrient depletion (NPK) and organic carbon loss,"Green gram (मूंग), Cowpea (लोबिया), Maize (मक्का)",Rotation with legumes and adding organic matter restores major nutrients and improves soil health. — लेग्यूम रोटेशन व जैविक पदार्थ से मुख्य पोषक और मिट्टी सुधरती है।,Balanced NPK as per crop + FYM 3–5 t/ha,"Use IPM (Neem, biocontrols) and minimal synthetic insecticides",Compost or FYM 3–5 t/ha (restores organic carbon and microbes)
Cumin,General nutrient depletion (NPK) and organic carbon loss,"Green gram (मूंग), Cowpea (लोबिया), Maize (मक्का)",Rotation with legumes and adding organic matter restores major nutrients and improves soil health. — लेग्यूम रोटेशन व जैविक पदार्थ से मुख्य पोषक और मिट्टी सुधरती है।,Balanced NPK as per crop + FYM 3–5 t/ha,"Use IPM (Neem, biocontrols) and minimal synthetic insecticides",Compost or FYM 3–5 t/ha (restores organic carbon and microbes)
Fennel,General nutrient depletion (NPK) and organic carbon loss,"Green gram (मूंग), Cowpea (लोबिया), Maize (मक्का)",Rotation with legumes and adding organic matter restores major nutrients and improves soil health. — लेग्यूम रोटेशन व जैविक पदार्थ से मुख्य पोषक और मिट्टी सुधरती है।,Balanced NPK as per crop + FYM 3–5 t/ha,"Use IPM (Neem, biocontrols) and minimal synthetic insecticides",Compost or FYM 3–5 t/ha (restores organic carbon and microbes)
Fenugreek (Methi),General nutrient depletion (NPK) and organic carbon loss,"Green gram (मूंग), Cowpea (लोबिया), Maize (मक्का)",Rotation with legumes and adding organic matter restores major nutrients and improves soil health. — लेग्यूम रोटेशन व जैविक पदार्थ से मुख्य पोषक और मिट्टी सुधरती है।,Balanced NPK as per crop + FYM 3–5 t/ha,"Use IPM (Neem, biocontrols) and minimal synthetic insecticides",Compost or FYM 3–5 t/ha (restores organic carbon and microbes)
Curry leaf,General nutrient depletion (NPK) and organic carbon loss,"Green gram (मूंग), Cowpea (लोबिया), Maize (मक्का)",Rotation with legumes and adding organic matter restores major nutrients and improves soil health. — लेग्यूम रोटेशन व जैविक पदार्थ से मुख्य पोषक और मिट्टी सुधरती है।,Balanced NPK as per crop + FYM 3–5 t/ha,"Use IPM (Neem, biocontrols) and minimal synthetic insecticides",Compost or FYM 3–5 t/ha (restores organic carbon and microbes)
Mint,General nutrient depletion (NPK) and organic carbon loss,"Green gram (मूंग), Cowpea (लोबिया), Maize (मक्का)",Rotation with legumes and adding organic matter restores major nutrients and improves soil health. — लेग्यूम रोटेशन व जैविक पदार्थ से मुख्य पोषक और मिट्टी सुधरती है।,Balanced NPK as per crop + FYM 3–5 t/ha,"Use IPM (Neem, biocontrols) and minimal synthetic insecticides",Compost or FYM 3–5 t/ha (restores organic carbon and microbes)
Basil (Tulsi),General nutrient depletion (NPK) and organic carbon loss,"Green gram (मूंग), Cowpea (लोबिया), Maize (मक्का)",Rotation with legumes and adding organic matter restores major nutrients and improves soil health. — लेग्यूम रोटेशन व जैविक पदार्थ से मुख्य पोषक और मिट्टी सुधरती है।,Balanced NPK as per crop + FYM 3–5 t/ha,"Use IPM (Neem, biocontrols) and minimal synthetic insecticides",Compost or FYM 3–5 t/ha (restores organic carbon and microbes)
Cardamom,Organic carbon depletion and Mn/Zn issues,"Legume cover crops (लेग्यूम कवर्स), Green manure (हरी खाद), Compost crops (कम्पोस्ट फसलें)",Spices need high organic matter and balanced micronutrients; green manures and compost improve rhizosphere biology. — मसाले अधिक जैविक पदार्थ मांगते हैं; हरी खाद और कम्पोस्ट से मिट्टी सुधरती है।,Organic-based N + SSP as per requirement + micronutrient spray if needed,Cultural control + Trichoderma for soil-borne diseases,Well-decomposed compost 5–10 t/ha (improves humus and microbial balance)
Black pepper,Organic carbon depletion and Mn/Zn issues,"Legume cover crops (लेग्यूम कवर्स), Green manure (हरी खाद), Compost crops (कम्पोस्ट फसलें)",Spices need high organic matter and balanced micronutrients; green manures and compost improve rhizosphere biology. — मसाले अधिक जैविक पदार्थ मांगते हैं; हरी खाद और कम्पोस्ट से मिट्टी सुधरती है।,Organic-based N + SSP as per requirement + micronutrient spray if needed,Cultural control + Trichoderma for soil-borne diseases,Well-decomposed compost 5–10 t/ha (improves humus and microbial balance)
Clove,Organic carbon depletion and Mn/Zn issues,"Legume cover crops (लेग्यूम कवर्स), Green manure (हरी खाद), Compost crops (कम्पोस्ट फसलें)",Spices need high organic matter and balanced micronutrients; green manures and compost improve rhizosphere biology. — मसाले अधिक जैविक पदार्थ मांगते हैं; हरी खाद और कम्पोस्ट से मिट्टी सुधरती है।,Organic-based N + SSP as per requirement + micronutrient spray if needed,Cultural control + Trichoderma for soil-borne diseases,Well-decomposed compost 5–10 t/ha (improves humus and microbial balance)
Nutmeg,General nutrient depletion (NPK) and organic carbon loss,"Green gram (मूंग), Cowpea (लोबिया), Maize (मक्का)",Rotation with legumes and adding organic matter restores major nutrients and improves soil health. — लेग्यूम रोटेशन व जैविक पदार्थ से मुख्य पोषक और मिट्टी सुधरती है।,Balanced NPK as per crop + FYM 3–5 t/ha,"Use IPM (Neem, biocontrols) and minimal synthetic insecticides",Compost or FYM 3–5 t/ha (restores organic carbon and microbes)
Mace,General nutrient depletion (NPK) and organic carbon loss,"Green gram (मूंग), Cowpea (लोबिया), Maize (मक्का)",Rotation with legumes and adding organic matter restores major nutrients and improves soil health. — लेग्यूम रोटेशन व जैविक पदार्थ से मुख्य पोषक और मिट्टी सुधरती है।,Balanced NPK as per crop + FYM 3–5 t/ha,"Use IPM (Neem, biocontrols) and minimal synthetic insecticides",Compost or FYM 3–5 t/ha (restores organic carbon and microbes)
Betel vine (Paan),General nutrient depletion (NPK) and organic carbon loss,"Green gram (मूंग), Cowpea (लोबिया), Maize (मक्का)",Rotation with legumes and adding organic matter restores major nutrients and improves soil health. — लेग्यूम रोटेशन व जैविक पदार्थ से मुख्य पोषक और मिट्टी सुधरती है।,Balanced NPK as per crop + FYM 3–5 t/ha,"Use IPM (Neem, biocontrols) and minimal synthetic insecticides",Compost or FYM 3–5 t/ha (restores organic carbon and microbes)
Stevia,General nutrient depletion (NPK) and organic carbon loss,"Green gram (मूंग), Cowpea (लोबिया), Maize (मक्का)",Rotation with legumes and adding organic matter restores major nutrients and improves soil health. — लेग्यूम रोटेशन व जैविक पदार्थ से मुख्य पोषक और मिट्टी सुधरती है।,Balanced NPK as per crop + FYM 3–5 t/ha,"Use IPM (Neem, biocontrols) and minimal synthetic insecticides",Compost or FYM 3–5 t/ha (restores organic carbon and microbes)
Spinach,General nutrient depletion (NPK) and organic carbon loss,"Green gram (मूंग), Cowpea (लोबिया), Maize (मक्का)",Rotation with legumes and adding organic matter restores major nutrients and improves soil health. — लेग्यूम रोटेशन व जैविक पदार्थ से मुख्य पोषक और मिट्टी सुधरती है।,Balanced NPK as per crop + FYM 3–5 t/ha,"Use IPM (Neem, biocontrols) and minimal synthetic insecticides",Compost or FYM 3–5 t/ha (restores organic carbon and microbes)
Amaranth (Chaulai),General nutrient depletion (NPK) and organic carbon loss,"Green gram (मूंग), Cowpea (लोबिया), Maize (मक्का)",Rotation with legumes and adding organic matter restores major nutrients and improves soil health. — लेग्यूम रोटेशन व जैविक पदार्थ से मुख्य पोषक और मिट्टी सुधरती है।,Balanced NPK as per crop + FYM 3–5 t/ha,"Use IPM (Neem, biocontrols) and minimal synthetic insecticides",Compost or FYM 3–5 t/ha (restores organic carbon and microbes)
Fenugreek greens,General nutrient depletion (NPK) and organic carbon loss,"Green gram (मूंग), Cowpea (लोबिया), Maize (मक्का)",Rotation with legumes and adding organic matter restores major nutrients and improves soil health. — लेग्यूम रोटेशन व जैविक पदार्थ से मुख्य पोषक और मिट्टी सुधरती है।,Balanced NPK as per crop + FYM 3–5 t/ha,"Use IPM (Neem, biocontrols) and minimal synthetic insecticides",Compost or FYM 3–5 t/ha (restores organic carbon and microbes)
Mustard greens,Nitrogen (N) and Sulfur (S) depletion,"Green gram (मूंग), Cowpea (लोबिया), Soybean (सोयाबीन)",Brassicas use large N/S; following them with legumes restores N biologically and residues contribute organic S. — ब्रासिका के बाद लेग्यूम N और S बहाल करते हैं।,Urea 60 kg/ha + SSP 120 kg/ha (N and S balance),Neem-based pesticide (eco-friendly),FYM 4–5 t/ha (improves N retention and soil life)
Moringa (Drumstick),General nutrient depletion (NPK) and organic carbon loss,"Green gram (मूंग), Cowpea (लोबिया), Maize (मक्का)",Rotation with legumes and adding organic matter restores major nutrients and improves soil health. — लेग्यूम रोटेशन व जैविक पदार्थ से मुख्य पोषक और मिट्टी सुधरती है।,Balanced NPK as per crop + FYM 3–5 t/ha,"Use IPM (Neem, biocontrols) and minimal synthetic insecticides",Compost or FYM 3–5 t/ha (restores organic carbon and microbes)
Bamboo shoots,General nutrient depletion (NPK) and organic carbon loss,"Green gram (मूंग), Cowpea (लोबिया), Maize (मक्का)",Rotation with legumes and adding organic matter restores major nutrients and improves soil health. — लेग्यूम रोटेशन व जैविक पदार्थ से मुख्य पोषक और मिट्टी सुधरती है।,Balanced NPK as per crop + FYM 3–5 t/ha,"Use IPM (Neem, biocontrols) and minimal synthetic insecticides",Compost or FYM 3–5 t/ha (restores organic carbon and microbes)
Saffron,General nutrient depletion (NPK) and organic carbon loss,"Green gram (मूंग), Cowpea (लोबिया), Maize (मक्का)",Rotation with legumes and adding organic matter restores major nutrients and improves soil health. — लेग्यूम रोटेशन व जैविक पदार्थ से मुख्य पोषक और मिट्टी सुधरती है।,Balanced NPK as per crop + FYM 3–5 t/ha,"Use IPM (Neem, biocontrols) and minimal synthetic insecticides",Compost or FYM 3–5 t/ha (restores organic carbon and microbes)
Hemp,Calcium and organic carbon depletion,"Legume cover (लेग्यूम कवर्स), Fodder rotation (चार रोटेशन), Green manure (हरी खाद)",Fiber crops respond to organic matter and balanced nutrients that improve fiber strength; cover crops reduce soil erosion. — फाइबर फसलें जैविक पदार्थ व संतुलित पोषण से बेहतर होती हैं।,Balanced NPK + FYM as per soil test,Seed treatment fungicides,FYM 5–6 t/ha (improves fiber quality and C)
Jute,Calcium and organic carbon depletion,"Legume cover (लेग्यूम कवर्स), Fodder rotation (चार रोटेशन), Green manure (हरी खाद)",Fiber crops respond to organic matter and balanced nutrients that improve fiber strength; cover crops reduce soil erosion. — फाइबर फसलें जैविक पदार्थ व संतुलित पोषण से बेहतर होती हैं।,Balanced NPK + FYM as per soil test,Seed treatment fungicides,FYM 5–6 t/ha (improves fiber quality and C)
Floriculture rose,Organic carbon and N depletion,"Green manure (हरी खाद), Legume intercrops (लेग्यूम अंतरफसल), Leaf litter compost (पत्तियों का कम्पोस्ट)",Floriculture benefits from organic matter to maintain flower quality and reduce soil compaction. — फ्लोरिकल्चर में जैविक पदार्थ से फूल गुणवत्ता व मिट्टी सुधरती है।,Low-dose NPK with FYM 3–5 t/ha,Integrated pest management (biocontrol + selective insecticides),Leaf compost 3–5 t/ha (improves flowering and soil health)
Marigold,Organic carbon and N depletion,"Green manure (हरी खाद), Legume intercrops (लेग्यूम अंतरफसल), Leaf litter compost (पत्तियों का कम्पोस्ट)",Floriculture benefits from organic matter to maintain flower quality and reduce soil compaction. — फ्लोरिकल्चर में जैविक पदार्थ से फूल गुणवत्ता व मिट्टी सुधरती है।,Low-dose NPK with FYM 3–5 t/ha,Integrated pest management (biocontrol + selective insecticides),Leaf compost 3–5 t/ha (improves flowering and soil health)
Chrysanthemum,General nutrient depletion (NPK) and organic carbon loss,"Green gram (मूंग), Cowpea (लोबिया), Maize (मक्का)",Rotation with legumes and adding organic matter restores major nutrients and improves soil health. — लेग्यूम रोटेशन व जैविक पदार्थ से मुख्य पोषक और मिट्टी सुधरती है।,Balanced NPK as per crop + FYM 3–5 t/ha,"Use IPM (Neem, biocontrols) and minimal synthetic insecticides",Compost or FYM 3–5 t/ha (restores organic carbon and microbes)
Ornamental palms,General nutrient depletion (NPK) and organic carbon loss,"Green gram (मूंग), Cowpea (लोबिया), Maize (मक्का)",Rotation with legumes and adding organic matter restores major nutrients and improves soil health. — लेग्यूम रोटेशन व जैविक पदार्थ से मुख्य पोषक और मिट्टी सुधरती है।,Balanced NPK as per crop + FYM 3–5 t/ha,"Use IPM (Neem, biocontrols) and minimal synthetic insecticides",Compost or FYM 3–5 t/ha (restores organic carbon and microbes)
Fodder maize,Nitrogen (N) and Phosphorus (P) depletion,"Cowpea (लोबिया), Green gram (मूंग), Lentil (मसूर)",Short-duration legumes fix N and their residues produce organic acids that mobilize P; reduces need for synthetic N. — लेग्यूम N जोड़ते हैं और अवशेष P उपलब्धता बढ़ाते हैं।,SSP 120 kg/ha + Urea 40 kg/ha (P maintenance and starter N),Imidacloprid 17.8 SL (seed treatment),Compost 3–4 t/ha (improves aggregation and nutrient retention)
Napier grass,Nitrogen and organic matter drawdown,"Legume mixes (लेग्यूम मिश्रण), Green manure (हरी खाद), Cereal rotate (अनाज रोटेशन)",Fodder crops recycle biomass and when rotated with legumes maintain soil N and organic matter. — चराई फसलें जैविक पदार्थ लौटाती हैं और N संतुलन बनाए रखती हैं।,Lower synthetic N + regular manure/topdress as needed,Minimal pesticide; focus on cultural control,Green manure and FYM 5–8 t/ha (improves biomass and soil C)
Lucerne (Alfalfa),Nitrogen and organic matter drawdown,"Legume mixes (लेग्यूम मिश्रण), Green manure (हरी खाद), Cereal rotate (अनाज रोटेशन)",Fodder crops recycle biomass and when rotated with legumes maintain soil N and organic matter. — चराई फसलें जैविक पदार्थ लौटाती हैं और N संतुलन बनाए रखती हैं।,Lower synthetic N + regular manure/topdress as needed,Minimal pesticide; focus on cultural control,Green manure and FYM 5–8 t/ha (improves biomass and soil C)
Sunn hemp,Calcium and organic carbon depletion,"Legume cover (लेग्यूम कवर्स), Fodder rotation (चार रोटेशन), Green manure (हरी खाद)",Fiber crops respond to organic matter and balanced nutrients that improve fiber strength; cover crops reduce soil erosion. — फाइबर फसलें जैविक पदार्थ व संतुलित पोषण से बेहतर होती हैं।,Balanced NPK + FYM as per soil test,Seed treatment fungicides,FYM 5–6 t/ha (improves fiber quality and C)
Sesbania (Dhaincha),Nitrogen and organic matter drawdown,"Legume mixes (लेग्यूम मिश्रण), Green manure (हरी खाद), Cereal rotate (अनाज रोटेशन)",Fodder crops recycle biomass and when rotated with legumes maintain soil N and organic matter. — चराई फसलें जैविक पदार्थ लौटाती हैं और N संतुलन बनाए रखती हैं।,Lower synthetic N + regular manure/topdress as needed,Minimal pesticide; focus on cultural control,Green manure and FYM 5–8 t/ha (improves biomass and soil C)
Cowpea fodder,Nitrogen and organic matter drawdown,"Legume mixes (लेग्यूम मिश्रण), Green manure (हरी खाद), Cereal rotate (अनाज रोटेशन)",Fodder crops recycle biomass and when rotated with legumes maintain soil N and organic matter. — चराई फसलें जैविक पदार्थ लौटाती हैं और N संतुलन बनाए रखती हैं।,Lower synthetic N + regular manure/topdress as needed,Minimal pesticide; focus on cultural control,Green manure and FYM 5–8 t/ha (improves biomass and soil C)
Green manure mix,General nutrient depletion (NPK) and organic carbon loss,"Green gram (मूंग), Cowpea (लोबिया), Maize (मक्का)",Rotation with legumes and adding organic matter restores major nutrients and improves soil health. — लेग्यूम रोटेशन व जैविक पदार्थ से मुख्य पोषक और मिट्टी सुधरती है।,Balanced NPK as per crop + FYM 3–5 t/ha,"Use IPM (Neem, biocontrols) and minimal synthetic insecticides",Compost or FYM 3–5 t/ha (restores organic carbon and microbes)
Aonla (Indian gooseberry),General nutrient depletion (NPK) and organic carbon loss,"Green gram (मूंग), Cowpea (लोबिया), Maize (मक्का)",Rotation with legumes and adding organic matter restores major nutrients and improves soil health. — लेग्यूम रोटेशन व जैविक पदार्थ से मुख्य पोषक और मिट्टी सुधरती है।,Balanced NPK as per crop + FYM 3–5 t/ha,"Use IPM (Neem, biocontrols) and minimal synthetic insecticides",Compost or FYM 3–5 t/ha (restores organic carbon and microbes)
Kinnow (Citrus),"Micronutrient (Zn, B, Fe) depletion","Legume cover crops (लेग्यूम कवर्स), Green manures (Sesbania) (ढैंचा), Lucerne/Alfalfa (अल्फाल्फा)","Tree crops benefit from cover crops and organic mulching that restore micronutrients, improve rooting and soil moisture. — वृक्ष फसलें कवर्स व मल्च से सूक्ष्म पोषक और जड़ क्षेत्र सुधार पाती हैं।",Balanced NPK as per stage + Zinc 25 kg/ha + Boron foliar if deficient,Pheromone traps for key pests + Neem oil,Compost 5 t/ha + Mulch (improves root zone organic matter)
Black gram (Urad) - minor,General nutrient depletion (NPK) and organic carbon loss,"Green gram (मूंग), Cowpea (लोबिया), Maize (मक्का)",Rotation with legumes and adding organic matter restores major nutrients and improves soil health. — लेग्यूम रोटेशन व जैविक पदार्थ से मुख्य पोषक और मिट्टी सुधरती है।,Balanced NPK as per crop + FYM 3–5 t/ha,"Use IPM (Neem, biocontrols) and minimal synthetic insecticides",Compost or FYM 3–5 t/ha (restores organic carbon and microbes)
Red gram (Toor) - minor,General nutrient depletion (NPK) and organic carbon loss,"Green gram (मूंग), Cowpea (लोबिया), Maize (मक्का)",Rotation with legumes and adding organic matter restores major nutrients and improves soil health. — लेग्यूम रोटेशन व जैविक पदार्थ से मुख्य पोषक और मिट्टी सुधरती है।,Balanced NPK as per crop + FYM 3–5 t/ha,"Use IPM (Neem, biocontrols) and minimal synthetic insecticides",Compost or FYM 3–5 t/ha (restores organic carbon and microbes)
Pulses mixed,General nutrient depletion (NPK) and organic carbon loss,"Green gram (मूंग), Cowpea (लोबिया), Maize (मक्का)",Rotation with legumes and adding organic matter restores major nutrients and improves soil health. — लेग्यूम रोटेशन व जैविक पदार्थ से मुख्य पोषक और मिट्टी सुधरती है।,Balanced NPK as per crop + FYM 3–5 t/ha,"Use IPM (Neem, biocontrols) and minimal synthetic insecticides",Compost or FYM 3–5 t/ha (restores organic carbon and microbes)
Oil palm,General nutrient depletion (NPK) and organic carbon loss,"Green gram (मूंग), Cowpea (लोबिया), Maize (मक्का)",Rotation with legumes and adding organic matter restores major nutrients and improves soil health. — लेग्यूम रोटेशन व जैविक पदार्थ से मुख्य पोषक और मिट्टी सुधरती है।,Balanced NPK as per crop + FYM 3–5 t/ha,"Use IPM (Neem, biocontrols) and minimal synthetic insecticides",Compost or FYM 3–5 t/ha (restores organic carbon and microbes)
Sorghum fodder,Nitrogen and organic matter drawdown,"Legume mixes (लेग्यूम मिश्रण), Green manure (हरी खाद), Cereal rotate (अनाज रोटेशन)",Fodder crops recycle biomass and when rotated with legumes maintain soil N and organic matter. — चराई फसलें जैविक पदार्थ लौटाती हैं और N संतुलन बनाए रखती हैं।,Lower synthetic N + regular manure/topdress as needed,Minimal pesticide; focus on cultural control,Green manure and FYM 5–8 t/ha (improves biomass and soil C)
Bajra fodder,Nitrogen and organic matter drawdown,"Legume mixes (लेग्यूम मिश्रण), Green manure (हरी खाद), Cereal rotate (अनाज रोटेशन)",Fodder crops recycle biomass and when rotated with legumes maintain soil N and organic matter. — चराई फसलें जैविक पदार्थ लौटाती हैं और N संतुलन बनाए रखती हैं।,Lower synthetic N + regular manure/topdress as needed,Minimal pesticide; focus on cultural control,Green manure and FYM 5–8 t/ha (improves biomass and soil C)
Horse gram (Kulthi) - again,General nutrient depletion (NPK) and organic carbon loss,"Green gram (मूंग), Cowpea (लोबिया), Maize (मक्का)",Rotation with legumes and adding organic matter restores major nutrients and improves soil health. — लेग्यूम रोटेशन व जैविक पदार्थ से मुख्य पोषक और मिट्टी सुधरती है।,Balanced NPK as per crop + FYM 3–5 t/ha,"Use IPM (Neem, biocontrols) and minimal synthetic insecticides",Compost or FYM 3–5 t/ha (restores organic carbon and microbes)
Mesta (Hibiscus cannabinus),Calcium and organic carbon depletion,"Legume cover (लेग्यूम कवर्स), Fodder rotation (चार रोटेशन), Green manure (हरी खाद)",Fiber crops respond to organic matter and balanced nutrients that improve fiber strength; cover crops reduce soil erosion. — फाइबर फसलें जैविक पदार्थ व संतुलित पोषण से बेहतर होती हैं।,Balanced NPK + FYM as per soil test,Seed treatment fungicides,FYM 5–6 t/ha (improves fiber quality and C)
Pulses - field mix,General nutrient depletion (NPK) and organic carbon loss,"Green gram (मूंग), Cowpea (लोबिया), Maize (मक्का)",Rotation with legumes and adding organic matter restores major nutrients and improves soil health. — लेग्यूम रोटेशन व जैविक पदार्थ से मुख्य पोषक और मिट्टी सुधरती है।,Balanced NPK as per crop + FYM 3–5 t/ha,"Use IPM (Neem, biocontrols) and minimal synthetic insecticides",Compost or FYM 3–5 t/ha (restores organic carbon and microbes)
Walnut,General nutrient depletion (NPK) and organic carbon loss,"Green gram (मूंग), Cowpea (लोबिया), Maize (मक्का)",Rotation with legumes and adding organic matter restores major nutrients and improves soil health. — लेग्यूम रोटेशन व जैविक पदार्थ से मुख्य पोषक और मिट्टी सुधरती है।,Balanced NPK as per crop + FYM 3–5 t/ha,"Use IPM (Neem, biocontrols) and minimal synthetic insecticides",Compost or FYM 3–5 t/ha (restores organic carbon and microbes)
Almond,General nutrient depletion (NPK) and organic carbon loss,"Green gram (मूंग), Cowpea (लोबिया), Maize (मक्का)",Rotation with legumes and adding organic matter restores major nutrients and improves soil health. — लेग्यूम रोटेशन व जैविक पदार्थ से मुख्य पोषक और मिट्टी सुधरती है।,Balanced NPK as per crop + FYM 3–5 t/ha,"Use IPM (Neem, biocontrols) and minimal synthetic insecticides",Compost or FYM 3–5 t/ha (restores organic carbon and microbes)
Cashew,General nutrient depletion (NPK) and organic carbon loss,"Green gram (मूंग), Cowpea (लोबिया), Maize (मक्का)",Rotation with legumes and adding organic matter restores major nutrients and improves soil health. — लेग्यूम रोटेशन व जैविक पदार्थ से मुख्य पोषक और मिट्टी सुधरती है।,Balanced NPK as per crop + FYM 3–5 t/ha,"Use IPM (Neem, biocontrols) and minimal synthetic insecticides",Compost or FYM 3–5 t/ha (restores organic carbon and microbes)
Peach,General nutrient depletion (NPK) and organic carbon loss,"Green gram (मूंग), Cowpea (लोबिया), Maize (मक्का)",Rotation with legumes and adding organic matter restores major nutrients and improves soil health. — लेग्यूम रोटेशन व जैविक पदार्थ से मुख्य पोषक और मिट्टी सुधरती है।,Balanced NPK as per crop + FYM 3–5 t/ha,"Use IPM (Neem, biocontrols) and minimal synthetic insecticides",Compost or FYM 3–5 t/ha (restores organic carbon and microbes)
Apricot,General nutrient depletion (NPK) and organic carbon loss,"Green gram (मूंग), Cowpea (लोबिया), Maize (मक्का)",Rotation with legumes and adding organic matter restores major nutrients and improves soil health. — लेग्यूम रोटेशन व जैविक पदार्थ से मुख्य पोषक और मिट्टी सुधरती है।,Balanced NPK as per crop + FYM 3–5 t/ha,"Use IPM (Neem, biocontrols) and minimal synthetic insecticides",Compost or FYM 3–5 t/ha (restores organic carbon and microbes)
Kashmir saffron,General nutrient depletion (NPK) and organic carbon loss,"Green gram (मूंग), Cowpea (लोबिया), Maize (मक्का)",Rotation with legumes and adding organic matter restores major nutrients and improves soil health. — लेग्यूम रोटेशन व जैविक पदार्थ से मुख्य पोषक और मिट्टी सुधरती है।,Balanced NPK as per crop + FYM 3–5 t/ha,"Use IPM (Neem, biocontrols) and minimal synthetic insecticides",Compost or FYM 3–5 t/ha (restores organic carbon and microbes)
Wild herbs mix,General nutrient depletion (NPK) and organic carbon loss,"Green gram (मूंग), Cowpea (लोबिया), Maize (मक्का)",Rotation with legumes and adding organic matter restores major nutrients and improves soil health. — लेग्यूम रोटेशन व जैविक पदार्थ से मुख्य पोषक और मिट्टी सुधरती है।,Balanced NPK as per crop + FYM 3–5 t/ha,"Use IPM (Neem, biocontrols) and minimal synthetic insecticides",Compost or FYM 3–5 t/ha (restores organic carbon and microbes)
Medicinal plants mix,General nutrient depletion (NPK) and organic carbon loss,"Green gram (मूंग), Cowpea (लोबिया), Maize (मक्का)",Rotation with legumes and adding organic matter restores major nutrients and improves soil health. — लेग्यूम रोटेशन व जैविक पदार्थ से मुख्य पोषक और मिट्टी सुधरती है।,Balanced NPK as per crop + FYM 3–5 t/ha,"Use IPM (Neem, biocontrols) and minimal synthetic insecticides",Compost or FYM 3–5 t/ha (restores organic carbon and microbes)
Mesta (jute alternative),Calcium and organic carbon depletion,"Legume cover (लेग्यूम कवर्स), Fodder rotation (चार रोटेशन), Green manure (हरी खाद)",Fiber crops respond to organic matter and balanced nutrients that improve fiber strength; cover crops reduce soil erosion. — फाइबर फसलें जैविक पदार्थ व संतुलित पोषण से बेहतर होती हैं।,Balanced NPK + FYM as per soil test,Seed treatment fungicides,FYM 5–6 t/ha (improves fiber quality and C)
Sage,General nutrient depletion (NPK) and organic carbon loss,"Green gram (मूंग), Cowpea (लोबिया), Maize (मक्का)",Rotation with legumes and adding organic matter restores major nutrients and improves soil health. — लेग्यूम रोटेशन व जैविक पदार्थ से मुख्य पोषक और मिट्टी सुधरती है।,Balanced NPK as per crop + FYM 3–5 t/ha,"Use IPM (Neem, biocontrols) and minimal synthetic insecticides",Compost or FYM 3–5 t/ha (restores organic carbon and microbes)
Thyme,General nutrient depletion (NPK) and organic carbon loss,"Green gram (मूंग), Cowpea (लोबिया), Maize (मक्का)",Rotation with legumes and adding organic matter restores major nutrients and improves soil health. — लेग्यूम रोटेशन व जैविक पदार्थ से मुख्य पोषक और मिट्टी सुधरती है।,Balanced NPK as per crop + FYM 3–5 t/ha,"Use IPM (Neem, biocontrols) and minimal synthetic insecticides",Compost or FYM 3–5 t/ha (restores organic carbon and microbes)
Oregano,General nutrient depletion (NPK) and organic carbon loss,"Green gram (मूंग), Cowpea (लोबिया), Maize (मक्का)",Rotation with legumes and adding organic matter restores major nutrients and improves soil health. — लेग्यूम रोटेशन व जैविक पदार्थ से मुख्य पोषक और मिट्टी सुधरती है।,Balanced NPK as per crop + FYM 3–5 t/ha,"Use IPM (Neem, biocontrols) and minimal synthetic insecticides",Compost or FYM 3–5 t/ha (restores organic carbon and microbes)
Lavender,General nutrient depletion (NPK) and organic carbon loss,"Green gram (मूंग), Cowpea (लोबिया), Maize (मक्का)",Rotation with legumes and adding organic matter restores major nutrients and improves soil health. — लेग्यूम रोटेशन व जैविक पदार्थ से मुख्य पोषक और मिट्टी सुधरती है।,Balanced NPK as per crop + FYM 3–5 t/ha,"Use IPM (Neem, biocontrols) and minimal synthetic insecticides",Compost or FYM 3–5 t/ha (restores organic carbon and microbes)
Rosemary,Organic carbon and N depletion,"Green manure (हरी खाद), Legume intercrops (लेग्यूम अंतरफसल), Leaf litter compost (पत्तियों का कम्पोस्ट)",Floriculture benefits from organic matter to maintain flower quality and reduce soil compaction. — फ्लोरिकल्चर में जैविक पदार्थ से फूल गुणवत्ता व मिट्टी सुधरती है।,Low-dose NPK with FYM 3–5 t/ha,Integrated pest management (biocontrol + selective insecticides),Leaf compost 3–5 t/ha (improves flowering and soil health)
Stevia (again),General nutrient depletion (NPK) and organic carbon loss,"Green gram (मूंग), Cowpea (लोबिया), Maize (मक्का)",Rotation with legumes and adding organic matter restores major nutrients and improves soil health. — लेग्यूम रोटेशन व जैविक पदार्थ से मुख्य पोषक और मिट्टी सुधरती है।,Balanced NPK as per crop + FYM 3–5 t/ha,"Use IPM (Neem, biocontrols) and minimal synthetic insecticides",Compost or FYM 3–5 t/ha (restores organic carbon and microbes)
Buckwheat,Zinc (Zn) and Iron (Fe) deficiency,"Maize (मक्का), Groundnut (मूंगफली), Soybean (सोयाबीन)","Rotation with legumes and broadleaf crops mobilizes micronutrients, breaks pest cycles and improves soil structure. — रोटेशन सूक्ष्मपोषक उपलब्धता और मिट्टी की संरचना सुधारता है।",DAP 100 kg/ha + Zinc sulfate 25 kg/ha (basal N-P and Zn correction),Chlorpyrifos 20 EC (soil pests),FYM 5 t/ha (boosts microbial activity and micronutrient availability)
Quinoa,General nutrient depletion (NPK) and organic carbon loss,"Green gram (मूंग), Cowpea (लोबिया), Maize (मक्का)",Rotation with legumes and adding organic matter restores major nutrients and improves soil health. — लेग्यूम रोटेशन व जैविक पदार्थ से मुख्य पोषक और मिट्टी सुधरती है।,Balanced NPK as per crop + FYM 3–5 t/ha,"Use IPM (Neem, biocontrols) and minimal synthetic insecticides",Compost or FYM 3–5 t/ha (restores organic carbon and microbes)
Amaranth grain,General nutrient depletion (NPK) and organic carbon loss,"Green gram (मूंग), Cowpea (लोबिया), Maize (मक्का)",Rotation with legumes and adding organic matter restores major nutrients and improves soil health. — लेग्यूम रोटेशन व जैविक पदार्थ से मुख्य पोषक और मिट्टी सुधरती है।,Balanced NPK as per crop + FYM 3–5 t/ha,"Use IPM (Neem, biocontrols) and minimal synthetic insecticides",Compost or FYM 3–5 t/ha (restores organic carbon and microbes)
Job's tears,"Organic carbon and micro-nutrient depletion (B, Zn)","Legume shade crops (लेग्यूम शेड क्रॉप्स), Cover crops (कवर्स), Compost crops (कम्पोस्ट फसलें)",Perennial crops require constant organic inputs; shade & cover legumes improve soil N and microbe activity. — वरिष्ठ फसलें निरंतर जैविक इनपुट चाहती हैं।,Low-dose N with organic amendments + micronutrients as needed,"Bio-control agents (Trichogramma, Beauveria) and cultural controls",Well-rotted farmyard manure and mulch 10 t/ha (maintains soil moisture & C)
Kalonji (Nigella),General nutrient depletion (NPK) and organic carbon loss,"Green gram (मूंग), Cowpea (लोबिया), Maize (मक्का)",Rotation with legumes and adding organic matter restores major nutrients and improves soil health. — लेग्यूम रोटेशन व जैविक पदार्थ से मुख्य पोषक और मिट्टी सुधरती है।,Balanced NPK as per crop + FYM 3–5 t/ha,"Use IPM (Neem, biocontrols) and minimal synthetic insecticides",Compost or FYM 3–5 t/ha (restores organic carbon and microbes)
Psyllium (Isabgol),General nutrient depletion (NPK) and organic carbon loss,"Green gram (मूंग), Cowpea (लोबिया), Maize (मक्का)",Rotation with legumes and adding organic matter restores major nutrients and improves soil health. — लेग्यूम रोटेशन व जैविक पदार्थ से मुख्य पोषक और मिट्टी सुधरती है।,Balanced NPK as per crop + FYM 3–5 t/ha,"Use IPM (Neem, biocontrols) and minimal synthetic insecticides",Compost or FYM 3–5 t/ha (restores organic carbon and microbes)
Amla orchard,General nutrient depletion (NPK) and organic carbon loss,"Green gram (मूंग), Cowpea (लोबिया), Maize (मक्का)",Rotation with legumes and adding organic matter restores major nutrients and improves soil health. — लेग्यूम रोटेशन व जैविक पदार्थ से मुख्य पोषक और मिट्टी सुधरती है।,Balanced NPK as per crop + FYM 3–5 t/ha,"Use IPM (Neem, biocontrols) and minimal synthetic insecticides",Compost or FYM 3–5 t/ha (restores organic carbon and microbes)
Mango orchard - Alphonso,"Micronutrient (Zn, B, Fe) depletion","Legume cover crops (लेग्यूम कवर्स), Green manures (Sesbania) (ढैंचा), Lucerne/Alfalfa (अल्फाल्फा)","Tree crops benefit from cover crops and organic mulching that restore micronutrients, improve rooting and soil moisture. — वृक्ष फसलें कवर्स व मल्च से सूक्ष्म पोषक और जड़ क्षेत्र सुधार पाती हैं।",Balanced NPK as per stage + Zinc 25 kg/ha + Boron foliar if deficient,Pheromone traps for key pests + Neem oil,Compost 5 t/ha + Mulch (improves root zone organic matter)
Mango orchard - Kesar,"Micronutrient (Zn, B, Fe) depletion","Legume cover crops (लेग्यूम कवर्स), Green manures (Sesbania) (ढैंचा), Lucerne/Alfalfa (अल्फाल्फा)","Tree crops benefit from cover crops and organic mulching that restore micronutrients, improve rooting and soil moisture. — वृक्ष फसलें कवर्स व मल्च से सूक्ष्म पोषक और जड़ क्षेत्र सुधार पाती हैं।",Balanced NPK as per stage + Zinc 25 kg/ha + Boron foliar if deficient,Pheromone traps for key pests + Neem oil,Compost 5 t/ha + Mulch (improves root zone organic matter)
Banana - Cavendish,Potassium (K) and micronutrient depletion,"Legume cover crops (लेग्यूम कवर्स), Green manures (हरी खाद), Legume intercrops (लेग्यूम अंतरफसल)",Banana is a heavy K user; intercropping with legumes and adding organic matter restores K and micronutrients and improves moisture retention. — केला K का भारी उपयोग करता है; लेग्यूम व जैविक पदार्थ से बहाली होती है।,"MOP 100 kg/ha + Micronutrient mix (Zn, B) as per soil test",Bacillus-based biopesticides + Neem formulations,Compost 5–10 t/ha + Mulch (improves K retention and soil moisture)
Banana - Local,Potassium (K) and micronutrient depletion,"Legume cover crops (लेग्यूम कवर्स), Green manures (हरी खाद), Legume intercrops (लेग्यूम अंतरफसल)",Banana is a heavy K user; intercropping with legumes and adding organic matter restores K and micronutrients and improves moisture retention. — केला K का भारी उपयोग करता है; लेग्यूम व जैविक पदार्थ से बहाली होती है।,"MOP 100 kg/ha + Micronutrient mix (Zn, B) as per soil test",Bacillus-based biopesticides + Neem formulations,Compost 5–10 t/ha + Mulch (improves K retention and soil moisture)
Hybrid rice variety,Nitrogen (N) depletion,"Moong (मूंग), Urd (उड़द), Arhar (अरहर)","Legumes form Rhizobium nodules fixing atmospheric N and their residues decompose quickly, restoring soil N and improving soil structure. — लेग्यूम नोड्यूल्स द्वारा N फिक्स कर मिट्टी की उर्वरा शक्ति बढ़ाते हैं।",Urea 60 kg/ha + SSP 150 kg/ha (fast N and basal P),Carbendazim 50% WP / Mancozeb 75% WP (fungal prevention),Green manure (Sesbania - ढैंचा) 4–6 t/ha (improves organic C and N)
Basmati rice,Nitrogen (N) depletion,"Moong (मूंग), Urd (उड़द), Arhar (अरहर)","Legumes form Rhizobium nodules fixing atmospheric N and their residues decompose quickly, restoring soil N and improving soil structure. — लेग्यूम नोड्यूल्स द्वारा N फिक्स कर मिट्टी की उर्वरा शक्ति बढ़ाते हैं।",Urea 60 kg/ha + SSP 150 kg/ha (fast N and basal P),Carbendazim 50% WP / Mancozeb 75% WP (fungal prevention),Green manure (Sesbania - ढैंचा) 4–6 t/ha (improves organic C and N)
Aromatic rice,Nitrogen (N) depletion,"Moong (मूंग), Urd (उड़द), Arhar (अरहर)","Legumes form Rhizobium nodules fixing atmospheric N and their residues decompose quickly, restoring soil N and improving soil structure. — लेग्यूम नोड्यूल्स द्वारा N फिक्स कर मिट्टी की उर्वरा शक्ति बढ़ाते हैं।",Urea 60 kg/ha + SSP 150 kg/ha (fast N and basal P),Carbendazim 50% WP / Mancozeb 75% WP (fungal prevention),Green manure (Sesbania - ढैंचा) 4–6 t/ha (improves organic C and N)
Short duration paddy,Nitrogen (N) depletion,"Moong (मूंग), Urd (उड़द), Arhar (अरहर)","Legumes form Rhizobium nodules fixing atmospheric N and their residues decompose quickly, restoring soil N and improving soil structure. — लेग्यूम नोड्यूल्स द्वारा N फिक्स कर मिट्टी की उर्वरा शक्ति बढ़ाते हैं।",Urea 60 kg/ha + SSP 150 kg/ha (fast N and basal P),Carbendazim 50% WP / Mancozeb 75% WP (fungal prevention),Green manure (Sesbania - ढैंचा) 4–6 t/ha (improves organic C and N)
Long duration paddy,Nitrogen (N) depletion,"Moong (मूंग), Urd (उड़द), Arhar (अरहर)","Legumes form Rhizobium nodules fixing atmospheric N and their residues decompose quickly, restoring soil N and improving soil structure. — लेग्यूम नोड्यूल्स द्वारा N फिक्स कर मिट्टी की उर्वरा शक्ति बढ़ाते हैं।",Urea 60 kg/ha + SSP 150 kg/ha (fast N and basal P),Carbendazim 50% WP / Mancozeb 75% WP (fungal prevention),Green manure (Sesbania - ढैंचा) 4–6 t/ha (improves organic C and N)
Transplanted tomato,Zinc (Zn) and Boron (B) deficiency,"Maize (मक्का), Cowpea (लोबिया), Okra (भिंडी)",Rotation out of Solanaceae reduces pathogen load; legumes add N while residues and foliar Zn/B correct micronutrients. — सोलानेसी चक्रीय अंतर रोग कम करता है और Zn/B बहाल करते हैं।,Zinc sulfate 25 kg/ha + DAP 100 kg/ha (Zn correction and base nutrition),Imidacloprid 17.8 SL (sucking pests) + Mancozeb for fungal issues,Vegetable waste compost 3–5 t/ha (recycles nutrients and organic acids)
Protected cultivation tomato,Zinc (Zn) and Boron (B) deficiency,"Maize (मक्का), Cowpea (लोबिया), Okra (भिंडी)",Rotation out of Solanaceae reduces pathogen load; legumes add N while residues and foliar Zn/B correct micronutrients. — सोलानेसी चक्रीय अंतर रोग कम करता है और Zn/B बहाल करते हैं।,Zinc sulfate 25 kg/ha + DAP 100 kg/ha (Zn correction and base nutrition),Imidacloprid 17.8 SL (sucking pests) + Mancozeb for fungal issues,Vegetable waste compost 3–5 t/ha (recycles nutrients and organic acids)
Rice (Paddy) variant1,Nitrogen (N) depletion,"Moong (मूंग), Urd (उड़द), Arhar (अरहर)","Legumes form Rhizobium nodules fixing atmospheric N and their residues decompose quickly, restoring soil N and improving soil structure. — लेग्यूम नोड्यूल्स द्वारा N फिक्स कर मिट्टी की उर्वरा शक्ति बढ़ाते हैं।",Urea 60 kg/ha + SSP 150 kg/ha (fast N and basal P),Carbendazim 50% WP / Mancozeb 75% WP (fungal prevention),Green manure (Sesbania - ढैंचा) 4–6 t/ha (improves organic C and N)
Wheat variant2,Zinc (Zn) and Iron (Fe) deficiency,"Maize (मक्का), Groundnut (मूंगफली), Soybean (सोयाबीन)","Rotation with legumes and broadleaf crops mobilizes micronutrients, breaks pest cycles and improves soil structure. — रोटेशन सूक्ष्मपोषक उपलब्धता और मिट्टी की संरचना सुधारता है।",DAP 100 kg/ha + Zinc sulfate 25 kg/ha (basal N-P and Zn correction),Chlorpyrifos 20 EC (soil pests),FYM 5 t/ha (boosts microbial activity and micronutrient availability)
Maize variant3,Nitrogen (N) and Phosphorus (P) depletion,"Cowpea (लोबिया), Green gram (मूंग), Lentil (मसूर)",Short-duration legumes fix N and their residues produce organic acids that mobilize P; reduces need for synthetic N. — लेग्यूम N जोड़ते हैं और अवशेष P उपलब्धता बढ़ाते हैं।,SSP 120 kg/ha + Urea 40 kg/ha (P maintenance and starter N),Imidacloprid 17.8 SL (seed treatment),Compost 3–4 t/ha (improves aggregation and nutrient retention)
Sorghum variant4,General nutrient depletion (NPK) and organic carbon loss,"Green gram (मूंग), Cowpea (लोबिया), Maize (मक्का)",Rotation with legumes and adding organic matter restores major nutrients and improves soil health. — लेग्यूम रोटेशन व जैविक पदार्थ से मुख्य पोषक और मिट्टी सुधरती है।,Balanced NPK as per crop + FYM 3–5 t/ha,"Use IPM (Neem, biocontrols) and minimal synthetic insecticides",Compost or FYM 3–5 t/ha (restores organic carbon and microbes)
Pearl millet (Bajra) variant5,General nutrient depletion (NPK) and organic carbon loss,"Green gram (मूंग), Cowpea (लोबिया), Maize (मक्का)",Rotation with legumes and adding organic matter restores major nutrients and improves soil health. — लेग्यूम रोटेशन व जैविक पदार्थ से मुख्य पोषक और मिट्टी सुधरती है।,Balanced NPK as per crop + FYM 3–5 t/ha,"Use IPM (Neem, biocontrols) and minimal synthetic insecticides",Compost or FYM 3–5 t/ha (restores organic carbon and microbes)
Finger millet (Ragi) variant6,General nutrient depletion (NPK) and organic carbon loss,"Green gram (मूंग), Cowpea (लोबिया), Maize (मक्का)",Rotation with legumes and adding organic matter restores major nutrients and improves soil health. — लेग्यूम रोटेशन व जैविक पदार्थ से मुख्य पोषक और मिट्टी सुधरती है।,Balanced NPK as per crop + FYM 3–5 t/ha,"Use IPM (Neem, biocontrols) and minimal synthetic insecticides",Compost or FYM 3–5 t/ha (restores organic carbon and microbes)
Barley variant7,Zinc (Zn) and Iron (Fe) deficiency,"Maize (मक्का), Groundnut (मूंगफली), Soybean (सोयाबीन)","Rotation with legumes and broadleaf crops mobilizes micronutrients, breaks pest cycles and improves soil structure. — रोटेशन सूक्ष्मपोषक उपलब्धता और मिट्टी की संरचना सुधारता है।",DAP 100 kg/ha + Zinc sulfate 25 kg/ha (basal N-P and Zn correction),Chlorpyrifos 20 EC (soil pests),FYM 5 t/ha (boosts microbial activity and micronutrient availability)
Oats variant8,Zinc (Zn) and Iron (Fe) deficiency,"Maize (मक्का), Groundnut (मूंगफली), Soybean (सोयाबीन)","Rotation with legumes and broadleaf crops mobilizes micronutrients, breaks pest cycles and improves soil structure. — रोटेशन सूक्ष्मपोषक उपलब्धता और मिट्टी की संरचना सुधारता है।",DAP 100 kg/ha + Zinc sulfate 25 kg/ha (basal N-P and Zn correction),Chlorpyrifos 20 EC (soil pests),FYM 5 t/ha (boosts microbial activity and micronutrient availability)
Small millet (Kodo) variant9,General nutrient depletion (NPK) and organic carbon loss,"Green gram (मूंग), Cowpea (लोबिया), Maize (मक्का)",Rotation with legumes and adding organic matter restores major nutrients and improves soil health. — लेग्यूम रोटेशन व जैविक पदार्थ से मुख्य पोषक और मिट्टी सुधरती है।,Balanced NPK as per crop + FYM 3–5 t/ha,"Use IPM (Neem, biocontrols) and minimal synthetic insecticides",Compost or FYM 3–5 t/ha (restores organic carbon and microbes)
Little millet (Kutki) variant10,General nutrient depletion (NPK) and organic carbon loss,"Green gram (मूंग), Cowpea (लोबिया), Maize (मक्का)",Rotation with legumes and adding organic matter restores major nutrients and improves soil health. — लेग्यूम रोटेशन व जैविक पदार्थ से मुख्य पोषक और मिट्टी सुधरती है।,Balanced NPK as per crop + FYM 3–5 t/ha,"Use IPM (Neem, biocontrols) and minimal synthetic insecticides",Compost or FYM 3–5 t/ha (restores organic carbon and microbes)
Barnyard millet (Sanwa) variant11,General nutrient depletion (NPK) and organic carbon loss,"Green gram (मूंग), Cowpea (लोबिया), Maize (मक्का)",Rotation with legumes and adding organic matter restores major nutrients and improves soil health. — लेग्यूम रोटेशन व जैविक पदार्थ से मुख्य पोषक और मिट्टी सुधरती है।,Balanced NPK as per crop + FYM 3–5 t/ha,"Use IPM (Neem, biocontrols) and minimal synthetic insecticides",Compost or FYM 3–5 t/ha (restores organic carbon and microbes)
Foxtail millet (Kangni) variant12,General nutrient depletion (NPK) and organic carbon loss,"Green gram (मूंग), Cowpea (लोबिया), Maize (मक्का)",Rotation with legumes and adding organic matter restores major nutrients and improves soil health. — लेग्यूम रोटेशन व जैविक पदार्थ से मुख्य पोषक और मिट्टी सुधरती है।,Balanced NPK as per crop + FYM 3–5 t/ha,"Use IPM (Neem, biocontrols) and minimal synthetic insecticides",Compost or FYM 3–5 t/ha (restores organic carbon and microbes)
Bajra hybrid variant13,General nutrient depletion (NPK) and organic carbon loss,"Green gram (मूंग), Cowpea (लोबिया), Maize (मक्का)",Rotation with legumes and adding organic matter restores major nutrients and improves soil health. — लेग्यूम रोटेशन व जैविक पदार्थ से मुख्य पोषक और मिट्टी सुधरती है।,Balanced NPK as per crop + FYM 3–5 t/ha,"Use IPM (Neem, biocontrols) and minimal synthetic insecticides",Compost or FYM 3–5 t/ha (restores organic carbon and microbes)
Green gram (Moong) variant14,General nutrient depletion (NPK) and organic carbon loss,"Green gram (मूंग), Cowpea (लोबिया), Maize (मक्का)",Rotation with legumes and adding organic matter restores major nutrients and improves soil health. — लेग्यूम रोटेशन व जैविक पदार्थ से मुख्य पोषक और मिट्टी सुधरती है।,Balanced NPK as per crop + FYM 3–5 t/ha,"Use IPM (Neem, biocontrols) and minimal synthetic insecticides",Compost or FYM 3–5 t/ha (restores organic carbon and microbes)
Black gram (Urd) variant15,General nutrient depletion (NPK) and organic carbon loss,"Green gram (मूंग), Cowpea (लोबिया), Maize (मक्का)",Rotation with legumes and adding organic matter restores major nutrients and improves soil health. — लेग्यूम रोटेशन व जैविक पदार्थ से मुख्य पोषक और मिट्टी सुधरती है।,Balanced NPK as per crop + FYM 3–5 t/ha,"Use IPM (Neem, biocontrols) and minimal synthetic insecticides",Compost or FYM 3–5 t/ha (restores organic carbon and microbes)
Chickpea (Gram) variant16,Phosphorus (P) deficiency,"Rice (Paddy) (धान), Maize (मक्का), Pearl millet (Bajra) (बाजरा)",Cereals following pulses add biomass and feed microbial processes that mobilize fixed P; residues conserve moisture. — अनाज अवशेष P को गतिशील बनाते हैं और नमी बचाते हैं।,DAP 125 kg/ha (basal N & P),Copper oxychloride (root rot control),Rice husk compost 3 t/ha (light carbon source improving aeration)
Pigeon pea (Arhar,General nutrient depletion (NPK) and organic carbon loss,"Green gram (मूंग), Cowpea (लोबिया), Maize (मक्का)",Rotation with legumes and adding organic matter restores major nutrients and improves soil health. — लेग्यूम रोटेशन व जैविक पदार्थ से मुख्य पोषक और मिट्टी सुधरती है।,Balanced NPK as per crop + FYM 3–5 t/ha,"Use IPM (Neem, biocontrols) and minimal synthetic insecticides",Compost or FYM 3–5 t/ha (restores organic carbon and microbes)
Lentil (Masoor) variant18,General nutrient depletion (NPK) and organic carbon loss,"Green gram (मूंग), Cowpea (लोबिया), Maize (मक्का)",Rotation with legumes and adding organic matter restores major nutrients and improves soil health. — लेग्यूम रोटेशन व जैविक पदार्थ से मुख्य पोषक और मिट्टी सुधरती है।,Balanced NPK as per crop + FYM 3–5 t/ha,"Use IPM (Neem, biocontrols) and minimal synthetic insecticides",Compost or FYM 3–5 t/ha (restores organic carbon and microbes)
Cowpea (Lobia) variant19,General nutrient depletion (NPK) and organic carbon loss,"Green gram (मूंग), Cowpea (लोबिया), Maize (मक्का)",Rotation with legumes and adding organic matter restores major nutrients and improves soil health. — लेग्यूम रोटेशन व जैविक पदार्थ से मुख्य पोषक और मिट्टी सुधरती है।,Balanced NPK as per crop + FYM 3–5 t/ha,"Use IPM (Neem, biocontrols) and minimal synthetic insecticides",Compost or FYM 3–5 t/ha (restores organic carbon and microbes)
Moth bean (Matki) variant20,General nutrient depletion (NPK) and organic carbon loss,"Green gram (मूंग), Cowpea (लोबिया), Maize (मक्का)",Rotation with legumes and adding organic matter restores major nutrients and improves soil health. — लेग्यूम रोटेशन व जैविक पदार्थ से मुख्य पोषक और मिट्टी सुधरती है।,Balanced NPK as per crop + FYM 3–5 t/ha,"Use IPM (Neem, biocontrols) and minimal synthetic insecticides",Compost or FYM 3–5 t/ha (restores organic carbon and microbes)
Horse gram (Kulthi) variant21,General nutrient depletion (NPK) and organic carbon loss,"Green gram (मूंग), Cowpea (लोबिया), Maize (मक्का)",Rotation with legumes and adding organic matter restores major nutrients and improves soil health. — लेग्यूम रोटेशन व जैविक पदार्थ से मुख्य पोषक और मिट्टी सुधरती है।,Balanced NPK as per crop + FYM 3–5 t/ha,"Use IPM (Neem, biocontrols) and minimal synthetic insecticides",Compost or FYM 3–5 t/ha (restores organic carbon and microbes)
Cluster bean (Guar) variant22,General nutrient depletion (NPK) and organic carbon loss,"Green gram (मूंग), Cowpea (लोबिया), Maize (मक्का)",Rotation with legumes and adding organic matter restores major nutrients and improves soil health. — लेग्यूम रोटेशन व जैविक पदार्थ से मुख्य पोषक और मिट्टी सुधरती है।,Balanced NPK as per crop + FYM 3–5 t/ha,"Use IPM (Neem, biocontrols) and minimal synthetic insecticides",Compost or FYM 3–5 t/ha (restores organic carbon and microbes)
Soybean variant23,General nutrient depletion (NPK) and organic carbon loss,"Green gram (मूंग), Cowpea (लोबिया), Maize (मक्का)",Rotation with legumes and adding organic matter restores major nutrients and improves soil health. — लेग्यूम रोटेशन व जैविक पदार्थ से मुख्य पोषक और मिट्टी सुधरती है।,Balanced NPK as per crop + FYM 3–5 t/ha,"Use IPM (Neem, biocontrols) and minimal synthetic insecticides",Compost or FYM 3–5 t/ha (restores organic carbon and microbes)
Groundnut (Peanut) variant24,Calcium (Ca) and Boron (B) deficiency,"Sorghum (ज्वार), Bajra (बाजरा), Maize (मक्का)",Millets and cereals tolerate marginal Ca/B soils and their residues increase organic matter; targeted boron & lime correct soils. — मिलेट्स और लक्षित Boron अनुप्रयोग से कमी पूरी होती है।,DAP 100 kg/ha + Borax 10 kg/ha (P and B correction),Malathion 5% dust (pod borer control),Bio-slurry compost 3–4 t/ha (adds Ca and organic acids)
Sesame (Til) variant25,General nutrient depletion (NPK) and organic carbon loss,"Green gram (मूंग), Cowpea (लोबिया), Maize (मक्का)",Rotation with legumes and adding organic matter restores major nutrients and improves soil health. — लेग्यूम रोटेशन व जैविक पदार्थ से मुख्य पोषक और मिट्टी सुधरती है।,Balanced NPK as per crop + FYM 3–5 t/ha,"Use IPM (Neem, biocontrols) and minimal synthetic insecticides",Compost or FYM 3–5 t/ha (restores organic carbon and microbes)
Sunflower variant26,General nutrient depletion (NPK) and organic carbon loss,"Green gram (मूंग), Cowpea (लोबिया), Maize (मक्का)",Rotation with legumes and adding organic matter restores major nutrients and improves soil health. — लेग्यूम रोटेशन व जैविक पदार्थ से मुख्य पोषक और मिट्टी सुधरती है।,Balanced NPK as per crop + FYM 3–5 t/ha,"Use IPM (Neem, biocontrols) and minimal synthetic insecticides",Compost or FYM 3–5 t/ha (restores organic carbon and microbes)
Mustard,Nitrogen (N) and Sulfur (S) depletion,"Green gram (मूंग), Cowpea (लोबिया), Soybean (सोयाबीन)",Brassicas use large N/S; following them with legumes restores N biologically and residues contribute organic S. — ब्रासिका के बाद लेग्यूम N और S बहाल करते हैं।,Urea 60 kg/ha + SSP 120 kg/ha (N and S balance),Neem-based pesticide (eco-friendly),FYM 4–5 t/ha (improves N retention and soil life)
Linseed (Flax) variant28,General nutrient depletion (NPK) and organic carbon loss,"Green gram (मूंग), Cowpea (लोबिया), Maize (मक्का)",Rotation with legumes and adding organic matter restores major nutrients and improves soil health. — लेग्यूम रोटेशन व जैविक पदार्थ से मुख्य पोषक और मिट्टी सुधरती है।,Balanced NPK as per crop + FYM 3–5 t/ha,"Use IPM (Neem, biocontrols) and minimal synthetic insecticides",Compost or FYM 3–5 t/ha (restores organic carbon and microbes)
Castor variant29,General nutrient depletion (NPK) and organic carbon loss,"Green gram (मूंग), Cowpea (लोबिया), Maize (मक्का)",Rotation with legumes and adding organic matter restores major nutrients and improves soil health. — लेग्यूम रोटेशन व जैविक पदार्थ से मुख्य पोषक और मिट्टी सुधरती है।,Balanced NPK as per crop + FYM 3–5 t/ha,"Use IPM (Neem, biocontrols) and minimal synthetic insecticides",Compost or FYM 3–5 t/ha (restores organic carbon and microbes)
Safflower variant30,General nutrient depletion (NPK) and organic carbon loss,"Green gram (मूंग), Cowpea (लोबिया), Maize (मक्का)",Rotation with legumes and adding organic matter restores major nutrients and improves soil health. — लेग्यूम रोटेशन व जैविक पदार्थ से मुख्य पोषक और मिट्टी सुधरती है।,Balanced NPK as per crop + FYM 3–5 t/ha,"Use IPM (Neem, biocontrols) and minimal synthetic insecticides",Compost or FYM 3–5 t/ha (restores organic carbon and microbes)
Cotton variant31,Nitrogen (N) and Sulfur (S) deficiency,"Soybean (सोयाबीन), Black gram (उड़द), Green gram (मूंग)","Legumes rebuild N and, with gypsum or organic S sources, restore sulfur pools; cropping diversity boosts microbes. — लेग्यूम N लौटाती हैं और जिप्सम S बहाल करता है।",Urea 70 kg/ha + Gypsum 100 kg/ha (N and S correction),Triazophos 40 EC (bollworm control),Vermicompost 2 t/ha (improves nutrient uptake and soil biology)
Sugarcane variant32,Potassium (K) depletion,"Gram (चना), Lentil (मसूर), Pea (मटर)",Deep-rooted pulses recycle K from subsoil and add biomass which slowly releases K improving long-term K balance. — गहरी जड़ें K पुनर्चक्रण कर संतुलन बहाल करती हैं।,MOP 60 kg/ha + DAP 80 kg/ha (K replenishment and basal P),Neem oil spray (botanical control),Press-mud compost 3–5 t/ha (rich in K and organic carbon)
Potato variant33,Phosphorus (P) and Organic carbon loss,"Maize (मक्का), Pearl millet (Bajra) (बाजरा), Cowpea (लोबिया)",Cereal-legume rotations stabilize P cycling and add labile carbon; residues improve aggregation and microbial P mineralization. — रोटेशन P चक्र और कार्बन संतुलित करता है।,SSP 150 kg/ha + Urea 50 kg/ha (P restoration and starter N),Mancozeb + Metalaxyl (late blight and fungal control),Cow dung compost 5 t/ha (adds humus and microbial diversity)
Sweet potato variant34,Phosphorus (P) and Organic carbon loss,"Maize (मक्का), Pearl millet (Bajra) (बाजरा), Cowpea (लोबिया)",Cereal-legume rotations stabilize P cycling and add labile carbon; residues improve aggregation and microbial P mineralization. — रोटेशन P चक्र और कार्बन संतुलित करता है।,SSP 150 kg/ha + Urea 50 kg/ha (P restoration and starter N),Mancozeb + Metalaxyl (late blight and fungal control),Cow dung compost 5 t/ha (adds humus and microbial diversity)
Tomato variant35,Zinc (Zn) and Boron (B) deficiency,"Maize (मक्का), Cowpea (लोबिया), Okra (भिंडी)",Rotation out of Solanaceae reduces pathogen load; legumes add N while residues and foliar Zn/B correct micronutrients. — सोलानेसी चक्रीय अंतर रोग कम करता है और Zn/B बहाल करते हैं।,Zinc sulfate 25 kg/ha + DAP 100 kg/ha (Zn correction and base nutrition),Imidacloprid 17.8 SL (sucking pests) + Mancozeb for fungal issues,Vegetable waste compost 3–5 t/ha (recycles nutrients and organic acids)
Brinjal (Eggplant) variant36,Zinc (Zn) and Boron (B) deficiency,"Maize (मक्का), Cowpea (लोबिया), Okra (भिंडी)",Rotation out of Solanaceae reduces pathogen load; legumes add N while residues and foliar Zn/B correct micronutrients. — सोलानेसी चक्रीय अंतर रोग कम करता है और Zn/B बहाल करते हैं।,Zinc sulfate 25 kg/ha + DAP 100 kg/ha (Zn correction and base nutrition),Imidacloprid 17.8 SL (sucking pests) + Mancozeb for fungal issues,Vegetable waste compost 3–5 t/ha (recycles nutrients and organic acids)
Okra (Lady's finger) variant37,General nutrient depletion (NPK) and organic carbon loss,"Green gram (मूंग), Cowpea (लोबिया), Maize (मक्का)",Rotation with legumes and adding organic matter restores major nutrients and improves soil health. — लेग्यूम रोटेशन व जैविक पदार्थ से मुख्य पोषक और मिट्टी सुधरती है।,Balanced NPK as per crop + FYM 3–5 t/ha,"Use IPM (Neem, biocontrols) and minimal synthetic insecticides",Compost or FYM 3–5 t/ha (restores organic carbon and microbes)
Chilli variant38,General nutrient depletion (NPK) and organic carbon loss,"Green gram (मूंग), Cowpea (लोबिया), Maize (मक्का)",Rotation with legumes and adding organic matter restores major nutrients and improves soil health. — लेग्यूम रोटेशन व जैविक पदार्थ से मुख्य पोषक और मिट्टी सुधरती है।,Balanced NPK as per crop + FYM 3–5 t/ha,"Use IPM (Neem, biocontrols) and minimal synthetic insecticides",Compost or FYM 3–5 t/ha (restores organic carbon and microbes)
Capsicum variant39,General nutrient depletion (NPK) and organic carbon loss,"Green gram (मूंग), Cowpea (लोबिया), Maize (मक्का)",Rotation with legumes and adding organic matter restores major nutrients and improves soil health. — लेग्यूम रोटेशन व जैविक पदार्थ से मुख्य पोषक और मिट्टी सुधरती है।,Balanced NPK as per crop + FYM 3–5 t/ha,"Use IPM (Neem, biocontrols) and minimal synthetic insecticides",Compost or FYM 3–5 t/ha (restores organic carbon and microbes)
Cabbage variant40,General nutrient depletion (NPK) and organic carbon loss,"Green gram (मूंग), Cowpea (लोबिया), Maize (मक्का)",Rotation with legumes and adding organic matter restores major nutrients and improves soil health. — लेग्यूम रोटेशन व जैविक पदार्थ से मुख्य पोषक और मिट्टी सुधरती है।,Balanced NPK as per crop + FYM 3–5 t/ha,"Use IPM (Neem, biocontrols) and minimal synthetic insecticides",Compost or FYM 3–5 t/ha (restores organic carbon and microbes)
Cauliflower variant41,General nutrient depletion (NPK) and organic carbon loss,"Green gram (मूंग), Cowpea (लोबिया), Maize (मक्का)",Rotation with legumes and adding organic matter restores major nutrients and improves soil health. — लेग्यूम रोटेशन व जैविक पदार्थ से मुख्य पोषक और मिट्टी सुधरती है।,Balanced NPK as per crop + FYM 3–5 t/ha,"Use IPM (Neem, biocontrols) and minimal synthetic insecticides",Compost or FYM 3–5 t/ha (restores organic carbon and microbes)
Broccoli variant42,General nutrient depletion (NPK) and organic carbon loss,"Green gram (मूंग), Cowpea (लोबिया), Maize (मक्का)",Rotation with legumes and adding organic matter restores major nutrients and improves soil health. — लेग्यूम रोटेशन व जैविक पदार्थ से मुख्य पोषक और मिट्टी सुधरती है।,Balanced NPK as per crop + FYM 3–5 t/ha,"Use IPM (Neem, biocontrols) and minimal synthetic insecticides",Compost or FYM 3–5 t/ha (restores organic carbon and microbes)
Onion variant43,Nitrogen (N) deficiency,"Green gram (मूंग), Lentil (मसूर), Cowpea (लोबिया)",Short-duration legumes between cycles fix N rapidly and supply mineralizable N for bulbs while reducing pest carryover. — छोटी लेग्यूम N देती हैं और कीट कम करती हैं।,Urea 40 kg/ha + SSP 100 kg/ha (top dressing N and basal P),Dithane M-45 (fungal leaf spot),Vermicompost 2–3 t/ha (fine texture improves bulb development)
Garlic variant44,Nitrogen (N) deficiency,"Green gram (मूंग), Lentil (मसूर), Cowpea (लोबिया)",Short-duration legumes between cycles fix N rapidly and supply mineralizable N for bulbs while reducing pest carryover. — छोटी लेग्यूम N देती हैं और कीट कम करती हैं।,Urea 40 kg/ha + SSP 100 kg/ha (top dressing N and basal P),Dithane M-45 (fungal leaf spot),Vermicompost 2–3 t/ha (fine texture improves bulb development)
Carrot variant45,General nutrient depletion (NPK) and organic carbon loss,"Green gram (मूंग), Cowpea (लोबिया), Maize (मक्का)",Rotation with legumes and adding organic matter restores major nutrients and improves soil health. — लेग्यूम रोटेशन व जैविक पदार्थ से मुख्य पोषक और मिट्टी सुधरती है।,Balanced NPK as per crop + FYM 3–5 t/ha,"Use IPM (Neem, biocontrols) and minimal synthetic insecticides",Compost or FYM 3–5 t/ha (restores organic carbon and microbes)
Beetroot variant46,General nutrient depletion (NPK) and organic carbon loss,"Green gram (मूंग), Cowpea (लोबिया), Maize (मक्का)",Rotation with legumes and adding organic matter restores major nutrients and improves soil health. — लेग्यूम रोटेशन व जैविक पदार्थ से मुख्य पोषक और मिट्टी सुधरती है।,Balanced NPK as per crop + FYM 3–5 t/ha,"Use IPM (Neem, biocontrols) and minimal synthetic insecticides",Compost or FYM 3–5 t/ha (restores organic carbon and microbes)
Radish variant47,General nutrient depletion (NPK) and organic carbon loss,"Green gram (मूंग), Cowpea (लोबिया), Maize (मक्का)",Rotation with legumes and adding organic matter restores major nutrients and improves soil health. — लेग्यूम रोटेशन व जैविक पदार्थ से मुख्य पोषक और मिट्टी सुधरती है।,Balanced NPK as per crop + FYM 3–5 t/ha,"Use IPM (Neem, biocontrols) and minimal synthetic insecticides",Compost or FYM 3–5 t/ha (restores organic carbon and microbes)
Cucumber variant48,General nutrient depletion (NPK) and organic carbon loss,"Green gram (मूंग), Cowpea (लोबिया), Maize (मक्का)",Rotation with legumes and adding organic matter restores major nutrients and improves soil health. — लेग्यूम रोटेशन व जैविक पदार्थ से मुख्य पोषक और मिट्टी सुधरती है।,Balanced NPK as per crop + FYM 3–5 t/ha,"Use IPM (Neem, biocontrols) and minimal synthetic insecticides",Compost or FYM 3–5 t/ha (restores organic carbon and microbes)
Bitter gourd variant49,General nutrient depletion (NPK) and organic carbon loss,"Green gram (मूंग), Cowpea (लोबिया), Maize (मक्का)",Rotation with legumes and adding organic matter restores major nutrients and improves soil health. — लेग्यूम रोटेशन व जैविक पदार्थ से मुख्य पोषक और मिट्टी सुधरती है।,Balanced NPK as per crop + FYM 3–5 t/ha,"Use IPM (Neem, biocontrols) and minimal synthetic insecticides",Compost or FYM 3–5 t/ha (restores organic carbon and microbes)
Bottle gourd variant50,General nutrient depletion (NPK) and organic carbon loss,"Green gram (मूंग), Cowpea (लोबिया), Maize (मक्का)",Rotation with legumes and adding organic matter restores major nutrients and improves soil health. — लेग्यूम रोटेशन व जैविक पदार्थ से मुख्य पोषक और मिट्टी सुधरती है।,Balanced NPK as per crop + FYM 3–5 t/ha,"Use IPM (Neem, biocontrols) and minimal synthetic insecticides",Compost or FYM 3–5 t/ha (restores organic carbon and microbes)
